id,city,country,weeds,garden,date
1191076a-0627-455f-b2ff-64342967756d,Vaduz,Costa Rica,Bindweed,Clover,1965-10-20
ac6c8112-2946-4223-8c67-e606a46bc6d1,South Tarawa,Sweden,Creeping buttercup,"Strawberry ",1924-09-21
188a5840-bd80-459f-8dc3-7e19a46d8db6,Zanzibar City,Bosnia and Herzegovina,Purslane,Plantain,1931-05-18
0faf9140-c164-402e-bc0e-0ffae1c27e3c,Rio Branco,Seychelles,Bindweed,Cucumber,1974-09-23
730d4abc-ceea-4cac-88ca-6ab401a85cd5,Chittagong,Ukraine,Clover,Chickweed,1967-03-06
c4624d92-1582-404b-bb98-ee33e29d130a,Ponta Delgada,Bolivia,Chickweed,Clover,1923-07-31
3199af85-b094-40b2-b4ff-c20bc4e9c05b,Almaty,Mayotte,Japanese knotweed,Clover,1968-01-12
b70c538e-b3c9-4181-bda0-afa969fc52e0,San Fernando,Puerto Rico,Plantain,"Strawberry ",2017-02-09
80857052-e71f-446c-a72e-dd29b886e8ff,Providence,Ecuador,Chickweed,Clover,2008-08-22
6bfb3cef-9bab-4a07-929f-99d76f250a53,Palma,Seychelles,Bindweed,Plantain,1993-07-22
8f80f8d6-e719-4399-9bbf-2c6a03e2fd2b,Tirana,Czech Republic,Plantain,Chickweed,1954-07-13
72477b98-a3df-4c37-8c31-64cc4eabb7c9,Thiès,Bhutan,Chickweed,Plantain,1956-07-27
51c7b595-488b-4762-80ae-a6a512861c3f,São Tomé,Liberia,Japanese knotweed,Clover,1948-12-26
f2c97ff4-fda4-452b-9239-083b0f120e1b,Manila,Monaco,Crabgrass,Clover,1965-01-19
a60b3a80-88ca-4608-93da-c481a3ddd5e1,The Valley,Latvia,Creeping buttercup,"Strawberry ",1970-05-30
03520768-efb4-4f39-8603-6674a41a5352,Cleveland,Belarus,Creeping buttercup,Clover,1906-10-08
297bfc8d-0d32-4db2-b52b-378215d9c167,Providence,Norway,Clover,Clover,1938-01-04
e7ac13d3-bf74-4734-b64b-7fc81ba8b462,Jaipur,Zambia,Chickweed,Clover,2006-06-16
87ea604e-e83e-4ec9-b388-dc97f495d09c,Auckland,France,Purslane,Carrot,1999-05-08
d3087b9f-f982-4014-b77b-c831be4fde55,Geneva,Latvia,Japanese knotweed,Aubergine,1936-03-15
ce71d723-2fb5-4334-b57c-89477eaee1e2,Phnom Penh,Algeria,Purslane,Chickweed,1946-09-15
4c142da4-776e-474f-b9da-181b8fa67c57,Saint John,Cambodia,Japanese knotweed,Cucumber,1937-03-22
1bb9c303-303a-4308-a8ca-5c82e7fcac83,Perth,Macao,Bindweed,Cucumber,1977-05-10
0a98bc12-f056-472b-a864-7e5661a2eca3,Amman,Greece,Creeping buttercup,Clover,1986-05-05
e25b1ac2-7c16-4aa7-8976-a0630156742d,Hamburg,Uganda,Bindweed,Carrot,1952-01-03
a86d2d36-94cf-436c-89f8-a425de1f4fe7,Pattaya,Puerto Rico,Japanese knotweed,Aubergine,1901-11-27
e1bac454-2405-4f38-b2e3-ac725359150a,Agartala,Montserrat,Plantain,Chickweed,2009-02-17
25c9bedb-3b58-4d2b-a550-d56af88b2015,Malé,American Samoa,Purslane,Clover,1935-11-01
d51e9813-1662-4925-95e2-a202bc894a16,Porto Velho,Ecuador,Bindweed,Plantain,2013-05-22
ad07b32a-d6c2-439e-8b7a-a62b532ab9c5,Dodoma,Antigua and Barbuda,Bindweed,Clover,1968-02-12
d09b6555-926a-4d5c-9134-5559523f13aa,Dededo,"Palestinian Territory, Occupied",Crabgrass,Clover,1953-04-07
df0f7d88-08da-4e27-a186-9169c80a7f11,Makati City,Guinea,Crabgrass,Chickweed,1943-07-16
dcdd25c6-5a4c-4eef-9d2a-fde91eb4220b,Yellowknife,Austria,Creeping buttercup,Cucumber,1950-03-24
acd9ae15-fba8-46f0-8217-229f1b359d1f,Nakhon Ratchasima,Venezuela,Clover,Clover,1943-01-26
b9bfc1a6-88ca-482f-9114-de8057ab96e0,Nagoya,Spain,Crabgrass,Cucumber,1956-06-04
103ade1b-4fe5-4080-9ff3-60dd93cf2b55,Bishkek,Mayotte,Japanese knotweed,Plantain,1967-03-28
a7d40dc2-57de-4fd6-8aec-709392c16313,Hanover,Guinea-Bissau,Bindweed,Cucumber,1917-04-27
1b02d7f9-0293-40a6-82ef-e9b39afa2adc,Damascus,Bahrain,Clover,Sunflower,1991-06-16
a349f746-7997-408f-91d5-37195924990c,Bandar Seri Begawan,United Kingdom,Bindweed,Chickweed,1979-12-03
39636081-4732-4539-b995-fa84bd0e07e3,Bratislava,"Korea, Republic of",Crabgrass,"Strawberry ",1949-03-20
30e53a4e-aba6-4075-be28-cb0dabcc5ee5,Nassau,Cook Islands,Clover,Plantain,1929-11-05
4edec0b4-6350-475f-bf00-224eaf8b3d00,Mashhad,Tonga,Chickweed,Clover,2013-11-05
84fd6978-1e6a-4457-8022-853de970f4d2,Nukus,Samoa,Japanese knotweed,Carrot,2013-01-03
72643d1a-36d3-4f6e-bc67-cb4b16ff9d99,Birmingham,United Kingdom,Bindweed,Clover,1982-01-01
94d25bfc-9ee1-43db-9597-a1eb8d59cb44,Osaka,Malta,Chickweed,"Strawberry ",1993-02-04
177d978c-0222-454a-9dac-f767a32e23e1,Dallas,RWANDA,Crabgrass,Cucumber,1988-11-19
d43b77d6-04df-4378-a012-45be10a7ee1b,Cape Town,San Marino,Creeping buttercup,Sunflower,1922-02-17
29365121-b5d1-4d97-9ab3-2e78150a98c2,Mérida,Guadeloupe,Purslane,Cucumber,1940-12-18
c51b39c5-879f-49b4-8fc3-484ec414d668,Medina,Cameroon,Purslane,Cucumber,2012-09-21
dceb4645-b437-40eb-8ba6-177369914f53,Honolulu,Poland,Purslane,Sunflower,1962-01-09
90edcec2-afd8-426c-8b92-f356b57fe63e,Tel Aviv,French Southern Territories,Chickweed,Clover,1980-05-25
9f9b44d6-a4c8-47fb-b371-e9384b5461cb,Marrakech,Saint Kitts and Nevis,Creeping buttercup,Aubergine,2015-05-08
106a57c1-d4ba-4d6a-bf4d-57594dd4c088,Jerusalem,French Polynesia,Clover,Cucumber,2014-04-15
b4060ba5-7417-453f-8d06-494a97638a06,Semarang,India,Plantain,Sunflower,1950-12-17
863f63ca-947e-4a3c-b6e1-b333ab207f0a,Birkirkara,Palau,Japanese knotweed,"Strawberry ",1900-10-07
4b8c72ae-850e-44b8-8509-ce27304219b7,Chicago,French Southern Territories,Purslane,Aubergine,1953-05-28
77da4c8a-0d50-4bfa-b52f-245f3ce35807,Busan,Marshall Islands,Plantain,Cucumber,1917-10-23
6bc5904c-cac2-40f9-ac74-d68eb5737995,Maputo,Netherlands,Clover,Cucumber,1936-12-08
72c5963d-5b3a-48a0-8c32-de4cfdcd35de,Nukuʻalofa,Czech Republic,Crabgrass,Chickweed,1904-08-25
b23c0910-a9e1-4394-879b-b4e1f2840bc5,Miami,Barbados,Plantain,Sunflower,2001-03-13
cdaf2c49-feb7-47a7-a110-f54b1e956042,Tórshavn,Estonia,Crabgrass,Sunflower,1909-02-03
cb5ecdd2-cc60-4faa-9bd6-f23b4ca06341,Busan,South Georgia and the South Sandwich Islands,Bindweed,Cucumber,1967-12-08
7d741178-16d2-46be-a8a2-4a1dcfa9de3d,Chittagong,Heard Island and Mcdonald Islands,Chickweed,"Strawberry ",1929-04-19
b1653ebd-ebe1-4ed2-b33f-a928dde2cac5,Toronto,Vanuatu,Japanese knotweed,Clover,1997-11-13
e1e35bce-7205-4418-bca7-b78680898e62,Memphis,Egypt,Creeping buttercup,Clover,1906-08-23
2d236813-095a-4e0d-9d33-6eb2e58dc42d,Saint John,Antigua and Barbuda,Crabgrass,Clover,1906-09-07
834663a3-8314-4ef8-b3d1-14e61758cb45,Pago Pago,Senegal,Bindweed,Carrot,1975-10-04
776d2510-b539-420d-bae6-59aa2c842c84,Koror,France,Chickweed,Carrot,1928-09-16
b2320adb-257b-499b-ab6c-79266866fd7e,Stanley,Cape Verde,Clover,Sunflower,1993-09-12
628e4ac6-04c8-4fd7-8b44-1dbc0690be30,Philadelphia,Chile,Purslane,Aubergine,2002-06-15
cccd42fb-bcac-4c59-972a-7a465c4a020e,Manama,Sweden,Chickweed,Aubergine,1940-12-01
079eb014-636e-4da9-b57b-69a27220fe70,Amsterdam,Belarus,Chickweed,Carrot,1973-05-04
189eb26f-bd76-4017-acaf-895ac4a7c7c6,Cincinnati,Cocos (Keeling) Islands,Chickweed,Carrot,1918-01-08
f95a9c84-9c8f-4a28-a7e3-d1fdf9260314,Yogyakarta (city),Philippines,Chickweed,"Strawberry ",2012-08-21
62e44837-846e-4165-890e-c91742c393af,Francistown,Canada,Plantain,Cucumber,1907-01-11
f886f35c-45cd-4bc1-adb2-5cee13a130ff,Manaus,Christmas Island,Purslane,"Strawberry ",2008-11-04
862b862a-b0ba-42ba-9e11-6516cd9df56f,El Aaiún,Brazil,Chickweed,Cucumber,1902-04-17
81347343-bb9e-4809-905b-18781e476d8e,Makassar,"Taiwan, Province of China",Japanese knotweed,Sunflower,1950-04-03
fab55e00-2d27-47f5-92dc-115f39cc70f7,Colombo,Fiji,Bindweed,Plantain,2012-09-01
2a0766cb-b68c-4a94-bead-c1758ec0b44e,Johannesburg,Saint Vincent and the Grenadines,Creeping buttercup,Clover,1949-09-19
b08c2812-b8d7-4dbd-8b54-5211bc69310f,Simferopol,Denmark,Japanese knotweed,Clover,1975-02-10
a75e9304-3d95-4682-a222-e4207c6a4d03,Lima,Luxembourg,Creeping buttercup,Sunflower,2004-12-08
41afff49-80f2-4f39-b3df-31dcebc4f4ed,Tehran,Azerbaijan,Purslane,"Strawberry ",1905-03-02
b6f766c1-4eb8-4251-a0f4-529e9261794b,Lucknow,Ireland,Clover,"Strawberry ",1959-12-18
19fbbdc2-36d4-42d3-9c56-364348965295,Samara,Western Sahara,Chickweed,Aubergine,2014-01-25
f54247a3-e2d7-4e0a-8446-82ff25d2cb5e,Dhaka,South Georgia and the South Sandwich Islands,Clover,Clover,1959-09-28
8c562ce6-2df1-438f-acdb-1475490f35f8,Kraków,Cayman Islands,Japanese knotweed,Aubergine,1933-09-24
47ba0d2c-55f7-4498-ba39-38001a74f220,Bangkok,Antarctica,Bindweed,"Strawberry ",1968-06-19
964b6f50-8448-41d8-bd49-407bf8bee37d,Vitória,South Georgia and the South Sandwich Islands,Creeping buttercup,Plantain,1909-06-16
93d60a49-b079-4e6b-8770-9c031534ff06,Jerusalem,Dominica,Plantain,Clover,1908-02-15
02f531e8-a790-4765-aff6-6c77a76bcb21,Hilo,Greece,Bindweed,Chickweed,1967-08-14
7900fc9f-e527-4785-9eea-452f91a0d48a,St. John's,Azerbaijan,Chickweed,Sunflower,1961-02-08
437d2e6b-69e7-4b03-8147-9112df25521a,Denpasar,French Southern Territories,Clover,Chickweed,1921-02-16
74c8ad79-8104-4e6b-92b7-e2a90795e997,Cannes,"Cote D""Ivoire",Purslane,Clover,1943-07-15
377b8e5a-c689-4512-8925-4bb1b8aa237b,Timbuktu,Saint Pierre and Miquelon,Japanese knotweed,Cucumber,1992-06-18
bce031b8-6fc6-4983-96a5-43d37258654a,Caracas,Austria,Chickweed,Plantain,2008-03-17
4c3ce918-a986-4ee3-bf0d-2afd83f98f04,Zapopan,Zambia,Crabgrass,Cucumber,1936-02-21
fd1afb53-4333-4821-83f2-777c8dcbb047,Havana,Mauritius,Crabgrass,Clover,1957-09-06
f40bef5f-08ec-4290-a5d8-98d9e718933b,Reykjavík,Saint Helena,Creeping buttercup,Chickweed,1953-05-13
f3cd4793-a1da-46b7-94ae-0fd0bdd01a61,Valparaíso,Aruba,Japanese knotweed,Carrot,1989-10-14
58e540f9-58b8-4af4-a705-0fe7c796e9fb,Iquique,Bolivia,Clover,Clover,1905-10-05
c83779a9-92a2-4360-88d9-b359eada2e98,New Delhi,Kazakhstan,Bindweed,Plantain,1974-09-18
c604fb0c-ec9f-4e6e-9666-ce44d54981d2,Ahmedabad,Slovakia,Chickweed,Clover,1959-11-10
4fda344b-4e60-4769-965d-637aabdabeac,Reykjavík,Ukraine,Crabgrass,Aubergine,1916-06-15
016224de-d972-4809-be0f-4c6dbfea5721,Puebla,Guam,Japanese knotweed,Cucumber,1918-12-10
202eb713-d028-47c5-9b9b-815148b3402c,Abu Dhabi,Monaco,Chickweed,Cucumber,1999-10-18
fe028c8e-309e-457c-9719-83451c763043,Asunción,Paraguay,Japanese knotweed,Sunflower,1934-06-02
f283f5b6-398b-4362-95e3-f5d62fda97eb,Dushanbe,Timor-Leste,Creeping buttercup,Aubergine,1937-02-13
36806a2c-05bb-4dfc-a36f-12e526afef32,Rabat,Cuba,Creeping buttercup,"Strawberry ",1954-02-06
4e264e46-9bf8-4263-92fe-a302e66f5a23,Asunción,Jersey,Crabgrass,Carrot,2006-04-23
c9a99132-a6bb-4c4e-b8d5-b85e96ae9c38,Antananarivo,Chile,Japanese knotweed,Chickweed,1907-02-22
1135d243-dc86-45b4-9a87-c1fc46199c2b,Harare,Austria,Crabgrass,Chickweed,1980-04-30
8aa0339c-a73f-41e4-89bd-19ba2ff2dec7,Odessa,France,Japanese knotweed,Clover,1922-11-26
8a060bab-88ae-4904-a2be-3bcb884c12df,Jayapura,Denmark,Japanese knotweed,"Strawberry ",1928-12-07
a640ce3b-a98d-4fbe-9ff5-e04c9a630496,Assis,Belarus,Creeping buttercup,Chickweed,1998-11-06
5488f708-ebaa-4320-8632-1bfc6222cc71,Fredericton,Belarus,Plantain,Carrot,1912-01-12
6075b85c-5be8-424c-91a6-0f5c0dacdb4b,Odessa,Marshall Islands,Chickweed,Carrot,1992-07-22
19552777-a196-4ff8-9825-fe1a4489a555,Campinas,Anguilla,Clover,Cucumber,1923-12-06
b87cc937-afb2-4f6e-b4f0-8a004065e45f,Hanga Roa,United States,Japanese knotweed,Chickweed,1911-09-20
24183d64-164c-429e-80cb-eb2cfa4f4ac1,Xi'an,Suriname,Clover,Clover,1952-05-04
4cb0197d-4e41-4185-b35a-e217554efbed,Makati City,Malawi,Plantain,Carrot,2016-10-27
015ee54a-3f73-47cf-805b-5e552b516496,Campo Grande,Malta,Bindweed,Clover,2000-07-13
df754cc4-6cf8-4a07-b84e-81d3807553c2,Jakarta,Botswana,Creeping buttercup,Sunflower,1992-08-30
4eb0498f-a097-4fd6-8e4f-35483d7cd2dc,Papeete,Singapore,Crabgrass,Sunflower,1959-11-09
92f2e77a-75f2-4472-9dbf-be9301669c18,Newcastle,Cambodia,Clover,Clover,1978-07-25
edcc8c21-cb62-4346-8883-3385ca49e8eb,Luxembourg (city),Timor-Leste,Bindweed,Clover,1937-12-12
00ff171b-3009-4c84-b598-e97cb4a6aeed,Pyongyang,Israel,Chickweed,Clover,1960-07-08
f70e50c6-e23d-4d74-99cf-06dbfae5232d,Sukhumi,New Caledonia,Plantain,Cucumber,1937-10-05
ad25f782-89b3-444f-aa19-e07ce0c23686,San Antonio,Liechtenstein,Plantain,Clover,1936-09-02
a8a56371-06bb-4189-a753-f82c2fb86b2c,Fort-de-France,Belgium,Purslane,Clover,1924-08-07
b34d7bbf-5406-4bb4-a11c-fae28e67340f,Lima,Namibia,Plantain,"Strawberry ",1958-08-30
2bcd44bb-0c2c-46b8-8283-b683ee7e9f3f,St. John's,Papua New Guinea,Plantain,"Strawberry ",1963-09-05
09cc595d-10bc-41f4-a643-8f8cdaaf2abe,Stanley,Congo,Japanese knotweed,Clover,1941-09-08
efa4cb96-7e42-45bf-a27c-3e9f2e1a6e53,Seoul,RWANDA,Creeping buttercup,Chickweed,1916-05-25
3de03ba2-a411-4f9b-a0e0-f65ff3d6d8d8,Hanoi,Syrian Arab Republic,Chickweed,Clover,1937-04-12
f3d0b603-4bcb-4973-9360-1eac780217df,Brazzaville,Jordan,Purslane,"Strawberry ",1986-03-31
4d8a9f0f-153d-4bbc-8b68-08574ca25afd,Semarang,Malaysia,Creeping buttercup,Plantain,2017-11-16
51cf2331-f189-4943-87af-e88acb696591,Weno,Congo,Purslane,Cucumber,1940-08-18
242eb4e3-f0e0-4ab9-a46e-552c8f74ce5d,Cebu City,Heard Island and Mcdonald Islands,Chickweed,Clover,1931-02-18
c9bb704a-2dae-4098-ae4a-5f1a64f3607b,Vladivostok,Bahamas,Bindweed,Aubergine,1963-05-20
63021577-8cfc-49c3-a95f-e2b76a202cf1,El Paso,China,Chickweed,Plantain,1913-05-27
2489a1da-efb3-4fb2-ae90-6902b5a57296,Amman,Azerbaijan,Plantain,Aubergine,1947-05-24
261f25a1-b4f1-43e7-b2f8-15198402d6ef,Manila,Mexico,Japanese knotweed,Plantain,1985-01-06
df8ba05d-9b97-4df2-8de6-adc295caf925,Osaka,Chile,Japanese knotweed,Aubergine,1944-02-05
6f4541c8-5214-4939-9f40-82f70d2a3f44,Madrid,Thailand,Clover,Clover,2017-07-05
4b3c7f83-3ff0-48b9-8ce4-ef23784d1531,Lahore,Libyan Arab Jamahiriya,Plantain,Clover,1971-12-09
c978aaac-eb34-4803-841b-4785505c8eac,Malé,Algeria,Purslane,Plantain,2000-01-25
5197c04b-67de-4efd-adc1-87e223843421,Koulikoro,Belize,Chickweed,Chickweed,2016-10-13
0e0b92e7-094d-45c5-8a34-9af77a5b0891,Saint-Denis,Uruguay,Clover,Cucumber,1904-10-17
a36e71d5-d2b9-4ab6-8e8f-73dde9aed9d6,Forked River,Bolivia,Clover,Clover,1921-08-07
442194e5-6150-4390-82e3-4130fae6a3bf,Bridgetown,Swaziland,Plantain,Clover,1935-04-29
ba116d7f-cee1-4087-80ba-7be0ccc5a99f,Adelaide,Albania,Clover,Sunflower,2009-12-31
d018e1aa-ba9b-430d-ad2d-dbf736aa7474,Lanzhou,India,Chickweed,Cucumber,1954-08-02
15289412-da1d-4516-9ec4-487d1d324b31,Amsterdam,"Palestinian Territory, Occupied",Purslane,Sunflower,2007-09-24
f0b66fb2-b2ec-4115-811f-77abb163f0b3,La Paz,Cook Islands,Crabgrass,Plantain,1937-06-03
5a567deb-2325-4b26-9faf-04d264939ccf,Miami,Albania,Crabgrass,Aubergine,1993-02-28
7c754aba-44e7-44a9-a7fa-297e5a16a2bf,Cairns,Papua New Guinea,Chickweed,Carrot,2018-06-27
25bc4aaf-3a7c-423e-9eba-c76cffe5ea01,Phnom Penh,Nicaragua,Purslane,Chickweed,1979-03-13
ace04527-98e3-495a-b730-231e0b9d5afd,Tucson,Guadeloupe,Japanese knotweed,Clover,2009-08-24
bc37b45b-0a15-4731-ba5b-7e0e63a31754,Mata-Utu,Argentina,Plantain,Aubergine,1998-12-13
028cec2f-ff3a-4eba-92d6-f405c2e428e3,Geelong,Malaysia,Bindweed,Clover,1904-07-05
4a13ce48-72be-4518-9e48-8e0b645aac6a,Aberdeen,Angola,Japanese knotweed,Clover,2018-02-07
4ee057a8-aebe-4b21-93d5-4d5f4a5a81a2,Invercargill,Bulgaria,Creeping buttercup,Clover,1916-01-26
7a11e385-871f-49b6-b33b-0273c79ec3c1,Ludhiana,Bahamas,Japanese knotweed,Clover,2016-09-29
bc2a51ee-31af-4e5e-b140-0e56f6412c7c,Veracruz,"Lao People""S Democratic Republic",Creeping buttercup,Clover,1919-07-06
d9d3ecac-5cfa-4fc7-a6e9-a1cb34321538,Bilbao,Falkland Islands (Malvinas),Purslane,Sunflower,1943-10-19
58c03ecd-9a49-4bfc-9232-f4e9390a9a80,Surat,Colombia,Chickweed,Clover,1912-12-10
f7638a00-7cac-42db-b39a-c1ce88ce47b6,Las Vegas,Switzerland,Purslane,Carrot,1945-09-13
433287b6-43b2-4e53-b077-9b2e41e1bd03,Dibrugarh,Cuba,Japanese knotweed,Cucumber,2012-11-10
6e2f64ee-e1eb-4d38-9caf-1590bb148d98,Mérida,Papua New Guinea,Creeping buttercup,"Strawberry ",1984-08-14
56a7e1ce-6315-451d-98ef-9b819d791077,Rosario,Antarctica,Purslane,Plantain,2013-02-24
b287d554-88ba-44c8-a080-f6da39e18a18,Chihuahua,Belarus,Japanese knotweed,"Strawberry ",1919-01-17
57860867-eff3-40a7-93bd-3f7c35eeb2f6,Santa Cruz de la Sierra,Saint Lucia,Creeping buttercup,Cucumber,1921-03-10
734a44f4-204d-4e20-81dd-cfc7871fed75,Bujumbura,Suriname,Chickweed,Carrot,2010-06-05
cde65686-5a0e-4e9a-a401-2ef05cbceb2e,Pretoria,Ukraine,Creeping buttercup,Plantain,1912-08-22
dbfbee02-9968-4170-b0a0-60800d8c0196,Khartoum,Uruguay,Clover,Carrot,1980-05-20
602c0a63-dabb-41eb-ba0c-0182b753ed66,Belfast,Guernsey,Clover,Chickweed,1991-09-17
fa94adf7-0a18-4ab8-a8a2-33aae3fe72d1,Guadalajara,Holy See (Vatican City State),Purslane,Plantain,1951-08-21
70bd52ce-dbf7-42ea-a2dc-338952e06b4a,Manaus,Denmark,Plantain,Clover,1948-11-14
73288e48-c5ba-47ae-9c34-c7365d495565,Cuiabá,Finland,Clover,Cucumber,1903-12-07
e987841d-8e8f-4102-b144-7be6ce0a80b5,Shillong,Botswana,Plantain,Aubergine,1948-07-23
411c5216-5909-47d4-ae99-89975c57d497,Dibrugarh,Malawi,Creeping buttercup,Sunflower,1901-01-08
231ea108-9497-4d1a-8ee2-af40ec5c4864,Skopje,Eritrea,Clover,Clover,1939-01-27
12ecd3cc-6061-4a19-9849-2d0ded4adc3a,Hanga Roa,Grenada,Japanese knotweed,Cucumber,1930-10-22
39f2fe88-7ee8-40cb-9395-bbb84a7b26ac,Cebu City,Chile,Clover,"Strawberry ",1916-01-28
17d6f60d-e807-43c9-bfa2-620e844e4254,Luanda,Zambia,Creeping buttercup,Chickweed,2017-08-20
79e9e15b-ca79-42d8-baa2-86a996db4a0a,Surat,Panama,Chickweed,Sunflower,1935-09-13
f5ec2c97-cb01-419f-b6f1-2e2cab0cff2a,Hiroshima,Nicaragua,Clover,Aubergine,1975-12-16
e26189bf-743f-44b7-ac68-130884d07280,Porto-Novo,United Kingdom,Japanese knotweed,Clover,1931-08-15
22c84c18-c408-4f88-88af-9734e5474bd5,Malabo,Saint Kitts and Nevis,Crabgrass,Clover,1902-12-29
44fdf0bd-597b-4d9e-bba4-11ea5a01b32b,Durban,Lithuania,Purslane,Carrot,2012-04-10
9c7c1908-d0f3-4a40-ad8f-cf9634768bd5,Macapá,Mexico,Clover,Sunflower,1956-01-11
05a77a4e-876b-4029-b50d-886d49a03b07,Dakar,Guam,Japanese knotweed,Clover,1922-01-21
9ae13fb9-b857-45d7-9d13-9c079e13ba48,Nantes,United States,Crabgrass,Clover,1983-08-04
aefb68d7-388d-4d77-bc41-3d22814bb09e,Gaborone,Algeria,Chickweed,Plantain,1992-12-30
874313f0-f102-4ab2-8ffc-c1bd46deca9a,Budapest,Switzerland,Plantain,Plantain,1961-07-09
c32a0d4f-848a-4845-b224-3fb69aa8e43a,Chaguanas,Cook Islands,Plantain,Clover,1957-09-17
80cf64e8-e421-44a3-b2dc-e8e096f229d4,El Aaiún,Turkey,Clover,"Strawberry ",2015-06-14
48bf7242-1dfe-42e8-9ac5-9abcb1c596f9,Belfast,Marshall Islands,Clover,Chickweed,1972-01-04
e66d9bba-c70c-44e3-b80e-941b10b7f316,Ashgabat,Italy,Purslane,Cucumber,2017-10-20
f3440db3-98fb-40f4-bd05-81f733704a2c,Cairns,Austria,Crabgrass,Aubergine,2018-01-07
2e973071-a2d0-4e2e-8f60-f59daa42ed82,Freetown,Hungary,Bindweed,Plantain,1945-07-08
9c7286cf-8d72-4b09-9895-add39a2d8456,Manila,Iceland,Plantain,"Strawberry ",1959-02-28
15fe7a20-0d16-47ce-9ec6-a2913004eeb7,Libreville,China,Japanese knotweed,Cucumber,1975-03-01
e473aa6c-65ff-4315-8e2c-ecd7a4f266b3,Kunming,Portugal,Creeping buttercup,"Strawberry ",1969-02-05
f9f317d0-8e0f-47ff-8e34-3f61202654c7,Ipoh,Costa Rica,Creeping buttercup,Cucumber,2008-01-05
63550967-820e-4cfe-ab19-1423ce0899eb,Forked River,France,Crabgrass,Carrot,1959-11-15
26dc3d4b-fb50-4567-8926-dc9a68fbd42e,Nouméa,Chile,Creeping buttercup,Sunflower,1955-05-17
1f12c412-587f-40c5-8960-325a2ed5dd08,Asmara,Bulgaria,Bindweed,Aubergine,1947-11-20
5ed34dfd-c4bd-4035-ac0c-614bff4f75ca,El Paso,Cameroon,Purslane,Plantain,1938-06-27
7e6cad67-1fd2-4102-8c03-e5b2bea9b604,Petropavlovsk-Kamchatsky,Singapore,Plantain,Clover,1930-10-16
7d87da6f-320e-4aca-a18c-a024ca7d0f41,Kuwait City,Uganda,Bindweed,Chickweed,1992-05-07
632f96db-e723-4fee-82e8-5c094831b66a,Yakutsk,Bosnia and Herzegovina,Bindweed,Sunflower,1972-05-15
0fbca366-ed9a-479a-bc01-e4de661cdc04,Bangkok,Cayman Islands,Plantain,Aubergine,1935-02-04
c1af689f-c52e-46a9-87e7-138787b5b3c4,Chaguanas,Solomon Islands,Creeping buttercup,Carrot,1985-02-03
0995916a-7e71-445c-8153-a2ffd83945a7,Ljubljana,French Southern Territories,Creeping buttercup,Aubergine,1988-01-08
c034e89a-b084-4e32-a18b-ee290434cb8f,Belize City,Mauritania,Clover,Clover,1974-06-25
9605ffb8-179b-487c-aa80-d2e139991938,Thiès,Japan,Crabgrass,Aubergine,1986-05-02
e9f7834f-f0c0-4dd4-9db5-3826a806d09b,Lagos,Grenada,Creeping buttercup,Carrot,1921-09-21
99bb184c-a39b-4170-898c-d8bdcda1fb40,Nouméa,Congo,Chickweed,Carrot,1937-08-29
ef4e939b-58fe-4231-b8ad-54a099038c65,Cairns,Ghana,Bindweed,Cucumber,1978-12-18
8a337ce6-93f2-4020-a0b8-b0711daf20ed,Harare,Serbia and Montenegro,Japanese knotweed,Aubergine,1900-08-06
9cb9236b-cc99-4259-964f-acaceca3e54d,Omdurman,Hungary,Chickweed,Clover,1941-10-29
b1632738-b8a0-44e2-b54d-e146cd2552ec,Porto-Novo,Algeria,Crabgrass,Clover,1960-07-12
a06f7e3d-2a9d-4e73-9b80-ff1d2fd150ee,Austin,Timor-Leste,Clover,Cucumber,2004-12-26
a078b879-a748-42f5-bfa3-d51664ea0584,Veracruz,Kyrgyzstan,Chickweed,"Strawberry ",1926-11-12
55b9de27-ea97-4bdd-970c-d382273d7307,Cologne,Faroe Islands,Chickweed,Sunflower,1912-12-22
194d4370-0bd3-4a1a-ba09-254e0c88f3bf,Chicago,Bouvet Island,Creeping buttercup,Cucumber,1934-10-09
01e91085-f065-430c-bc61-94fff244e420,Espoo,Hungary,Clover,Clover,2012-12-25
a13ad4d3-453c-4e10-9a80-04f3db728e04,Brikama,Tokelau,Clover,"Strawberry ",1916-08-07
5d6fee67-054f-47c6-8e37-a76d9cf32bc3,Apia,Czech Republic,Chickweed,Chickweed,2009-03-15
99427687-de9d-49f4-83b6-fb4ee9dea3cc,Havana,Libyan Arab Jamahiriya,Plantain,Clover,1965-12-10
c9a3c1a2-2624-4423-a596-bd9c0f417969,Invercargill,Mauritania,Plantain,Aubergine,1944-08-11
9b35e8a2-dcbb-450e-957f-fa5d0d894bec,Christchurch,Paraguay,Clover,Sunflower,1926-12-04
d5fa0024-dc26-4e5e-8297-4b5b0173b6c4,Manzini,Zimbabwe,Japanese knotweed,Chickweed,1906-05-10
e023e47f-23ec-4225-b869-0dcaf47c472e,Guatemala City,Pakistan,Bindweed,Chickweed,1910-10-27
0ed7e042-930c-4232-a946-dbc7bb9f2d92,Cebu City,Monaco,Bindweed,Plantain,1966-06-06
722accc3-cd50-4497-941d-3b9181e47f52,Macapá,Antarctica,Plantain,Clover,1979-05-27
71875352-5937-4613-844d-79db8f9ec77c,Kabul,Liechtenstein,Purslane,Chickweed,1974-09-10
de1b599e-4f8a-4e8f-bc4d-252a97e6de06,Djibouti (city),"Moldova, Republic of",Chickweed,Plantain,1949-06-10
233936e7-4535-489b-9a67-9ffc1bc78201,St. George's,Bouvet Island,Purslane,Sunflower,2007-09-13
71cac569-3c85-4f37-b35a-2e2a0b782c37,Tel Aviv,Kenya,Japanese knotweed,Clover,1987-01-05
da8114cf-882a-4194-ad28-e5ca936558d1,Dallas,Seychelles,Purslane,Clover,2014-06-07
22011fe2-43f8-4478-a092-ab7951c28117,Abu Dhabi,Samoa,Bindweed,Sunflower,1983-10-27
88bf01cf-38fa-4457-b022-1ffa88d7dccb,Paramaribo,Djibouti,Bindweed,Plantain,1961-12-04
8fa7036c-37ef-4a3f-bb16-3e571ca75828,Graz,"Virgin Islands, U.S.",Chickweed,Cucumber,1922-06-08
75dae3cd-05f4-4127-a50d-de4a2ea57334,Willemstad,Norfolk Island,Bindweed,Chickweed,1961-06-25
77fc7bf6-2660-4140-9df7-a7178685dbc8,Nagoya,Suriname,Plantain,Plantain,1965-08-29
4861038b-f6b0-427c-b2f8-2999ae06807b,Sabha,Christmas Island,Plantain,Carrot,1926-05-04
7ee193ca-6e81-45b4-8cdf-cbd3fd67cf0f,El Paso,Lesotho,Crabgrass,Chickweed,1909-11-25
6b334f9b-9e25-44f4-9e7b-d45d09fcacf4,Brussels,Isle of Man,Purslane,Clover,1974-11-26
ff4e76b2-c44b-4b87-bbfa-2b7933f0eb59,Belfast,Reunion,Plantain,Clover,1936-01-23
323fbabe-c23c-414d-b4f2-b8893c4127d4,Adelaide,"Korea, Republic of",Crabgrass,Chickweed,1970-11-23
9c93e5e7-b8a3-4078-b98c-241ca6416ead,Santo Domingo,Norfolk Island,Chickweed,Clover,1963-07-20
8f273b4d-8fc6-4c4a-b5c9-7b486f778652,Hat Yai,Togo,Crabgrass,Carrot,1917-05-18
c6336a23-7c79-40c0-8ef2-017f2848c950,Taiyuan,Finland,Clover,Chickweed,1907-01-31
4740d035-1ae9-4704-99df-758ccb66b743,Minneapolis,Azerbaijan,Creeping buttercup,Sunflower,1959-12-21
93264e6f-5fba-43ec-89ba-af80c1e03499,Surat,Guadeloupe,Plantain,Clover,1948-06-29
12b97f74-4b9d-4878-a0bd-e8b963c5b8a9,Chittagong,Norfolk Island,Chickweed,Aubergine,1921-07-23
eeb39cbe-2dcd-40f4-a15b-0574b956ee5e,St. George's,Chad,Bindweed,Aubergine,1907-06-28
3a62fffd-d92c-473b-839a-afd94e92a288,Medan,Nigeria,Japanese knotweed,Plantain,1901-04-08
b0027bc5-11e7-4a69-8b32-dc9f81283aa2,Nassau,Mauritania,Japanese knotweed,Cucumber,2011-08-03
3a1b797e-117f-4747-97b5-01fc7ed9de17,Gaziantep,Madagascar,Crabgrass,Cucumber,2008-10-16
073eec65-0769-4595-ac7b-c7ed3d74678e,Tartu,Equatorial Guinea,Crabgrass,Chickweed,1991-09-08
e6c56cd3-0478-4445-a5dc-1461eb096aaf,Santiago,Niger,Japanese knotweed,Plantain,1959-08-17
0afdd3b0-b50c-49d4-a7c5-42db78609a46,Cairo,Bosnia and Herzegovina,Creeping buttercup,Carrot,1953-06-10
eb6cb834-599c-49c0-a6bb-42129d98687d,São José dos Campos,Jamaica,Japanese knotweed,Clover,1974-06-02
93f98e70-1d34-42e4-8052-d2697030aa65,Toronto,Singapore,Bindweed,"Strawberry ",2011-09-23
fdbd365b-bdfa-4a12-8c9a-f2553d947611,Mandurah,Guadeloupe,Creeping buttercup,Aubergine,2001-07-15
6b47ac1b-93ae-431b-8cce-c297fbaa100e,Arequipa,Costa Rica,Crabgrass,Sunflower,2009-06-16
de6f74a4-e9c8-41c3-bfc9-69e705591efe,City of Halifax,Macao,Clover,Clover,1919-12-25
418f4552-feda-4cf7-a9be-961c87e9befa,Chennai,Saint Pierre and Miquelon,Clover,Cucumber,1903-05-29
bc057e89-4c1a-4d43-87b5-81d4ed95dd2c,Hai Phong,Marshall Islands,Plantain,Clover,1916-03-09
389fb2b0-3f57-43be-a9a2-787568211e52,Concepción,"Tanzania, United Republic of",Chickweed,Clover,1992-08-05
e13b25a0-6bf8-4c2c-8648-e9add9514ae2,Quito,Isle of Man,Japanese knotweed,Sunflower,1999-04-09
54d753df-5e8e-490a-b839-05f1c64a62d0,Paris,France,Bindweed,"Strawberry ",1995-12-05
f223aa1c-5e15-4e84-814f-95c03971480e,Khartoum,Guadeloupe,Bindweed,Aubergine,1994-12-25
9c1e6ee1-4bcc-40f1-8e8b-3e7d7fd62787,Tskhinvali,Christmas Island,Crabgrass,Clover,1925-05-29
69345791-1378-4f3b-b8a0-2e07ca39a913,Geelong,Viet Nam,Plantain,Cucumber,2019-01-24
09474113-f966-43cd-a110-17ac586f3216,Dallas,India,Clover,Clover,1971-02-22
f4f495b7-108e-40f5-ba48-bccc9b311178,Santiago,"Iran, Islamic Republic Of",Japanese knotweed,Cucumber,1918-07-24
c5d0f657-ffce-45f9-ac53-39a8c24157bc,Honiara,Ecuador,Bindweed,Clover,2002-06-07
e4aea818-20fe-4b70-a2a0-7c852cbb06f5,Jersey City,Greenland,Crabgrass,Carrot,2011-02-16
4d573f5e-6f9d-432f-b78a-d6e05206aaf5,Thessaloniki,Senegal,Japanese knotweed,Sunflower,1940-04-01
2aa0430f-3291-44c9-bab5-00cbb7295f70,Murmansk,Svalbard and Jan Mayen,Japanese knotweed,Clover,2004-12-08
312a708b-d2d5-4033-87c8-244b4fd8af14,Montevideo,Guatemala,Japanese knotweed,Chickweed,2006-10-24
0251ae04-4c9b-4c9c-acd6-021020cae79d,Nuuk,Georgia,Plantain,Aubergine,1914-06-30
20a83365-f207-497a-88db-8735a3d6bd85,Barcelona,Mexico,Crabgrass,Aubergine,1954-09-01
b9aa1832-0a11-4f44-8050-14e6327181ab,Hangzhou,Cuba,Chickweed,Clover,1912-06-14
f10b32f3-479d-4ed5-8496-0930287b7e75,Zagreb,Singapore,Plantain,Plantain,1967-03-06
ab7d61b4-64c9-4c09-aba2-ecae2272e6e4,Malabo,Central African Republic,Creeping buttercup,"Strawberry ",1986-11-15
8f91d3fb-b476-4513-a84f-5cd26242985b,Yamoussoukro,"Taiwan, Province of China",Bindweed,"Strawberry ",1981-08-23
9ed76bba-a462-4970-8cb8-85aecf0e9b38,Stockholm,Pakistan,Crabgrass,Clover,2007-01-27
8e6f6073-119b-4aef-8c07-92c0fd3dc719,Panama City,Pitcairn,Crabgrass,Clover,1923-10-31
b2686719-d4da-4343-8e66-bde279ecb953,Mexicali,Saint Helena,Purslane,Cucumber,1993-01-07
183ce23e-8393-4e62-a04e-f8a5acc2fec4,Brazzaville,Swaziland,Japanese knotweed,Plantain,1907-05-24
ad562e97-4bef-4f4f-8415-376ff336f363,Jaipur,Equatorial Guinea,Bindweed,Clover,1984-03-26
79324df2-61a2-419e-9303-d67353af0153,Puebla,Croatia,Creeping buttercup,Sunflower,1991-06-27
bf7b0ff4-94e0-4d81-a2a7-88f42cd95903,Timbuktu,Heard Island and Mcdonald Islands,Bindweed,Clover,2019-08-27
31654573-1610-460c-8dab-31150b15f68a,Toronto,Cocos (Keeling) Islands,Clover,"Strawberry ",1994-12-15
64ca49c5-5120-41eb-86ec-4c69e4b51930,Wuhan,Chad,Crabgrass,Aubergine,1938-10-07
4571f8a0-a7a4-4767-ad83-703d28aeedc8,Dunedin,"Korea, Republic of",Japanese knotweed,Clover,1980-04-06
e138bef8-8b13-44d0-8277-557ca5b3b74b,Dresden,Brunei Darussalam,Purslane,Plantain,1969-03-27
fa0db177-991f-473c-8e0d-8b38327f3c5d,Thessaloniki,Mongolia,Creeping buttercup,Clover,2007-06-14
48ea1ea2-fac6-44a7-bb8a-934ad35fc11d,Saipan,Haiti,Japanese knotweed,Aubergine,1948-04-08
3ae15283-8fda-41e8-b38b-80b2fd52ee3b,Libreville,United Arab Emirates,Crabgrass,Cucumber,1959-08-07
22c8187b-d9e1-4df6-bad3-838624c9bab9,Detroit,Bangladesh,Chickweed,Clover,1958-02-05
1d2a50b9-e785-49f5-8864-44f02ae08613,Malé,Chile,Creeping buttercup,Clover,2009-05-25
30c022ca-eb04-499c-8b59-780bc20ab9e8,Adana,Denmark,Plantain,Clover,1902-06-25
438cc7ad-8541-4d55-bac2-5a859cac736b,Stepanakert,Guernsey,Clover,Cucumber,1952-12-04
397d154f-4cc3-4971-8dbc-0202ff41418b,Cape Town,Netherlands,Chickweed,Sunflower,1970-11-24
c20dfdec-9b34-48d4-99e7-fae4e8996b33,Madrid,Luxembourg,Chickweed,Plantain,1990-03-19
d6995b8b-c6b1-48be-944b-4ff7c7281a6c,Sri Jayawardenapura-Kotte,Argentina,Japanese knotweed,Clover,1986-04-11
a9ec69f4-7d82-4eeb-ad53-9e2d52dcf087,Rawalpindi,Niue,Bindweed,Plantain,1952-05-27
1f7bdae1-c2e8-40b4-a4d9-8dfdf4ccd14a,Honiara,Estonia,Japanese knotweed,Sunflower,1966-12-03
c2ccc0b7-9408-48c0-8e1f-a61ce9f1b729,Recife,Austria,Creeping buttercup,Plantain,1912-03-29
63f10452-b60f-4306-89f5-e67617cdee33,Düsseldorf,Aruba,Chickweed,"Strawberry ",1928-09-14
0977e984-ca88-46a5-a218-9dc78f37f18d,Enugu,Guinea,Purslane,Clover,1989-01-05
3b9bea55-2e78-4c5b-a724-c17407b424aa,Kobe,Qatar,Purslane,Carrot,1993-12-09
ed4ce20e-3b5f-4d6c-a649-32a20b6cf938,Caracas,Gambia,Chickweed,Plantain,1930-01-19
123226c7-90d0-4464-a247-75c58a22697f,Tabriz,New Caledonia,Plantain,Clover,1989-05-25
53f34a56-0d2f-4efd-ae86-0ce0a8b746c0,Graz,Guam,Crabgrass,Carrot,1972-09-12
7cdabd90-b1c2-4943-ad94-595c4d172c44,Anchorage,Aruba,Chickweed,Plantain,1933-11-05
233be293-c76d-45ca-a5ff-5a9868ec0ecc,Basra,Georgia,Japanese knotweed,Sunflower,1923-05-26
25c43276-2964-42ed-b147-d20c9e44c957,Nouakchott,Slovenia,Plantain,Clover,2004-12-10
4dd650ac-8f35-4207-9975-d4a3a293d892,Nagoya,Gambia,Plantain,Cucumber,1956-05-16
e00fdfb4-95fc-4071-842b-b68934d5c9f5,Abuja,Netherlands,Chickweed,Clover,1996-09-28
8bb1375a-27a9-470a-9099-d6f3cf20f883,Davao City,Saudi Arabia,Crabgrass,Carrot,1942-04-14
200ed576-e21b-429c-b0ce-59a85639eaa2,Barranquilla,Romania,Bindweed,Chickweed,1910-03-27
b533d6fc-e7e5-48ad-90ae-88c07800c562,Dededo,Tuvalu,Japanese knotweed,Plantain,1991-12-08
4b03a2b9-4cc4-43c4-acae-71c1595e0584,Chongqing,Burundi,Plantain,Carrot,1921-01-07
f2a19cc6-6616-43f2-96c5-26f7c4f2f4c6,Brisbane,Cambodia,Chickweed,Aubergine,1920-12-07
60753107-2c52-4a7c-9e42-3c153768d60b,Banjul,Singapore,Bindweed,Plantain,2008-03-06
728e9ba9-273f-4291-8f5c-28f0a709e8c4,Tianjin,Namibia,Bindweed,"Strawberry ",2003-04-10
b3707433-1730-4404-9a9c-b3e91676d37f,Ankara,Serbia and Montenegro,Crabgrass,"Strawberry ",1981-08-17
2f4a0a21-571a-44d6-9744-c113f1285978,Baku,Bosnia and Herzegovina,Japanese knotweed,Clover,1992-05-31
f4162115-cc5a-4096-9de2-b19c26c60d8b,Mamoudzou,Chad,Clover,Plantain,1969-12-04
3fc8176a-a956-4df4-b06b-e10ddb133601,Los Angeles,"Macedonia, The Former Yugoslav Republic of",Purslane,Clover,2010-06-20
b20f012f-3913-487a-b5fc-89c7637a1dbe,Providence,Antigua and Barbuda,Creeping buttercup,Aubergine,1907-07-07
e895f438-e095-43ce-877f-9725dba3dabf,Pristina,Pakistan,Purslane,Cucumber,1926-11-30
c7f7ddfd-77e0-4849-b615-168ffbde41b6,Espoo,Åland Islands,Clover,Aubergine,1915-07-04
8c14f580-e09a-4e2c-9bfb-0f4abe7efed9,El Aaiún,Liberia,Chickweed,Aubergine,1999-04-09
951762ab-6c07-4584-9a33-2fc68dbd1c8d,Bergen,Holy See (Vatican City State),Bindweed,Sunflower,1992-12-30
9a389319-a33c-4e79-9dbe-1369557891e9,Barcelona,Paraguay,Chickweed,"Strawberry ",1974-02-18
07ed4ceb-2b48-4e2b-a865-bb94bde6f664,Boa Vista,Isle of Man,Japanese knotweed,Aubergine,2002-12-26
37bca4d9-9250-455a-abc9-df7ab9b52452,Edinburgh,Anguilla,Crabgrass,Clover,1955-01-06
97e891f5-139d-43e2-aff8-4a13aa08ec24,Campinas,Guyana,Bindweed,Clover,1977-08-05
14675b9f-16b6-4c9b-ad39-040ee0df445a,Praia,Antarctica,Bindweed,Carrot,1943-02-04
3eeaeb6a-b881-4dd4-bd8f-7bebcdaf3a66,Maracaibo,Mauritius,Clover,"Strawberry ",2008-01-12
7d98e84b-5860-4773-997b-39025c6557d7,Managua,United States Minor Outlying Islands,Chickweed,Clover,1940-06-19
1871f50c-419e-40a7-951b-d70a2605f338,Phuket (city),"Korea, Democratic People""S Republic of",Purslane,Clover,1925-11-10
ebe4f950-eeda-409f-857a-b17eedbd359d,Curitiba,Saint Kitts and Nevis,Japanese knotweed,"Strawberry ",1920-08-07
51184bfc-2a20-46c0-8e56-29d13075fe3f,Zapopan,Croatia,Clover,Plantain,1949-07-12
c125b61a-df2d-43f5-a082-62cb2e7e6240,Conakry,Sierra Leone,Japanese knotweed,Clover,1950-01-18
a5fe6cb7-670d-4e61-b7bf-e3fb154b8264,Thiès,Bosnia and Herzegovina,Bindweed,Aubergine,2014-05-14
8bd0a019-2331-4a85-8e91-041efa98b20a,Podgorica,Burkina Faso,Chickweed,Clover,1936-12-23
3bc6587e-d33e-45b7-b879-05d58859cae8,Ouagadougou,Belgium,Clover,"Strawberry ",1998-07-09
b78dd338-f025-4ad4-aa02-dece701ac538,Phuket (city),Ethiopia,Chickweed,Clover,1901-04-05
1c7f6564-a4d8-4027-9f3c-fb7e8d3969c0,Durango,Venezuela,Crabgrass,Aubergine,1973-06-20
3cbedd96-2eae-475f-987b-ec5ecdbb6f0a,Ludhiana,France,Purslane,Clover,1914-05-04
cd0d72cb-32e5-47e8-aeb5-05cc44a31ccc,Geelong,New Zealand,Plantain,Clover,1964-12-31
4220f79b-3835-4063-a5f5-a7f4058bf24c,Kanpur,Belarus,Creeping buttercup,Carrot,1992-02-22
ea692f43-453a-48a2-aeb2-21b8edf38fb1,Anchorage,Czech Republic,Plantain,Cucumber,2004-02-19
0cd18f72-8c08-44bd-9dbd-328a190b8a97,Berlin,Palau,Chickweed,Clover,1948-05-16
8c43e459-ab23-4ba4-8cca-3a00ad8f7a3a,Innsbruck,Namibia,Crabgrass,Clover,1970-09-01
48b56dea-463b-41de-9b04-b4ec5aa0d935,Lilongwe,Yemen,Clover,Clover,1992-05-28
2343e7a6-c8dc-4b1f-b0ba-577f118f10c3,Taichung,Armenia,Purslane,Chickweed,2001-10-29
32061ed4-96ee-444b-912b-fb3260ed8d39,Montreal,Jamaica,Purslane,Aubergine,1904-07-07
63ba99ed-c9e3-41f0-83af-63fd14937bea,Durban,Paraguay,Japanese knotweed,Sunflower,1921-01-27
eb8b2eeb-50bd-40c4-928e-a6c945cce1c7,Tamale,Argentina,Plantain,Cucumber,1959-11-10
14af1b8c-6857-48e4-a4ef-365f3bd7abc7,Split (city),India,Crabgrass,Aubergine,1995-07-07
33cd4386-d153-408c-8c2a-db0ad4e491ed,Bursa,Bahrain,Japanese knotweed,Plantain,1902-06-17
69708a79-a398-42ba-bef7-6dc3a55d710e,Gibraltar,Sierra Leone,Chickweed,Carrot,2007-09-17
21586915-138b-441f-ba9b-12ca292e5984,Chihuahua,Liechtenstein,Crabgrass,Clover,1936-05-25
c3055ae9-e446-49b7-8aff-3e2bf303098b,Lucknow,"Cote D""Ivoire",Purslane,Cucumber,1943-12-16
8a07001b-ad3c-46dc-a096-21bd83d7884d,Riyadh,Croatia,Chickweed,Clover,2007-11-09
0da72bbe-4ef9-43a9-a916-038c68046483,Tokyo,Ecuador,Plantain,Plantain,1923-08-11
a0f835fb-641f-4f69-839f-e483dd3ecfb0,Minsk,Costa Rica,Purslane,Clover,1931-04-04
83976a04-b24c-4517-88c4-b1eeedc481b9,Istanbul,Serbia and Montenegro,Japanese knotweed,Chickweed,1956-05-19
445cdef8-26df-4de0-af95-1f77dcb32c0b,Paris,Puerto Rico,Bindweed,"Strawberry ",1929-10-15
9eab58b7-f1c1-4a5e-a814-fdcd0dda6068,Valparaíso,Cameroon,Chickweed,Aubergine,1925-12-01
cc776a19-3294-4810-9f90-766df07e408b,Recife,Myanmar,Crabgrass,Chickweed,1922-03-24
14685a75-e4ed-4e04-bf18-28402b8fb2b0,Gaziantep,Haiti,Plantain,"Strawberry ",1917-10-15
ce38783e-044d-46fe-9935-bdd2d7191f0e,Kabul,Argentina,Chickweed,Plantain,1922-01-03
bf9bba0f-f947-41ae-84d8-268893e1701d,Shillong,Yemen,Clover,Aubergine,1982-04-30
de8722f2-e0ac-49d2-8dcd-ad2f7c6db98d,Hagåtña,Holy See (Vatican City State),Plantain,Sunflower,1965-11-07
3d130a94-4597-4e6a-90a2-eede206f8147,Agartala,Egypt,Chickweed,Cucumber,1994-02-18
b446171e-b289-4d06-ab48-d7ae4060b5ab,Christchurch,Malaysia,Bindweed,Clover,1998-02-05
22db579d-eadf-4329-bf69-c275ac9b8985,Liverpool,Fiji,Bindweed,Sunflower,1978-03-13
50159840-a5d0-4c9f-955d-7233830bf3c7,Macau,Greenland,Bindweed,Clover,1944-04-24
d7798462-ce18-465a-89e3-3d2309b97c4a,São Paulo,Bosnia and Herzegovina,Plantain,Sunflower,1953-01-28
25d28362-06fc-4c4f-a24b-a7993dca7ace,Iloilo City,Egypt,Plantain,Sunflower,2009-12-15
ce347f23-6b27-439f-bdcb-aad7df349483,Yamoussoukro,Kyrgyzstan,Creeping buttercup,Plantain,1995-05-15
216ed759-3026-459a-bf71-0e7c603dfdb3,Bern,Gabon,Plantain,Clover,2016-08-23
7f08fa0c-53a1-4e4f-9cd2-1e858bd31539,Charlotte,Turkmenistan,Chickweed,Clover,1958-04-03
aa68cc2c-451b-44c8-a197-6649e062cd8b,Fort-de-France,Cape Verde,Creeping buttercup,Clover,1921-11-07
4f46ffba-3e89-4765-8b3a-b9e5db9744f7,Malacca Town,Kuwait,Bindweed,Cucumber,1923-05-21
766f4ce4-1727-4b57-8c09-7b91f18229d7,Da Nang,Paraguay,Crabgrass,"Strawberry ",1946-11-07
05ec181d-67ac-47a3-a695-892fdd8a7cd8,Osaka,Aruba,Purslane,Carrot,1914-03-31
eac75cc4-2dc9-4ef2-a666-628a90d2a6f8,Montevideo,Cape Verde,Purslane,Clover,1962-01-06
d68c09cd-67ee-4390-94b9-c4bbb20bb77b,Mandurah,Colombia,Crabgrass,Plantain,1924-11-27
3db65b5b-7457-4654-b5d6-244050c0bfad,Sri Jayawardenapura-Kotte,Kuwait,Plantain,Clover,1944-12-22
98d056f5-f8d0-466c-b698-a981b3093fa1,Campinas,Greece,Clover,Clover,1926-06-23
e69f224c-1d0a-4204-8205-262bd8a4f04b,Regina,Finland,Japanese knotweed,Clover,1941-05-20
4e889e11-f55f-46f6-8fa2-28d1a99aab56,Sapporo,Senegal,Purslane,Clover,1928-06-17
f8c90ded-e4bc-44bc-87b9-b6dc47bbe716,Kyoto,Maldives,Crabgrass,Clover,1910-01-19
3609279d-eaed-4f30-9a7e-a8467186f37a,Milan,Denmark,Clover,Sunflower,2009-09-14
9fb5488e-364e-4741-85dc-0f8e075a2cc4,Istanbul,Monaco,Purslane,Sunflower,1971-10-28
ebf87c17-35df-4135-8f85-60e8c619b019,Yokohama,Guinea-Bissau,Crabgrass,Chickweed,1925-03-30
183d9c0c-5931-4a2f-b893-c60d2930a129,Charlottetown,Belarus,Crabgrass,"Strawberry ",2011-03-12
e7c8889e-4c06-42b2-94c7-070d91150389,İzmir,"Virgin Islands, British",Chickweed,Aubergine,1931-03-28
eae3e329-575d-408c-a068-d6a104691f07,Innsbruck,Saint Lucia,Crabgrass,Clover,1927-02-19
f6c760c4-e09c-456e-972d-bcf0bd3d8188,Munich,Sudan,Bindweed,Sunflower,1915-11-02
bb542a02-3cc6-478e-aa1d-6d33bae9176b,Freetown,Togo,Plantain,Aubergine,1969-01-09
f09a8849-b8b0-4c85-a3cb-49349696ebf4,Sucre,Central African Republic,Purslane,Chickweed,1983-09-16
79893148-dc6f-4c52-8545-22d27c6be49a,Niamey,Romania,Purslane,Clover,1984-05-11
03d468c7-54ba-4ccd-b388-f20d46ec3c57,Fukuoka,Jamaica,Plantain,"Strawberry ",1945-05-09
092040c4-3019-4701-9480-c0c76d63fa10,Belmopan,Faroe Islands,Plantain,Aubergine,1962-11-28
822eafd0-f686-4be9-a5e6-250fc1d68923,Lusaka,Guam,Crabgrass,Clover,2000-01-26
46088b97-5a09-4979-9fd7-1f9ce317c601,Bergen,Tajikistan,Crabgrass,Chickweed,1968-07-30
f6801a62-2850-4749-84f1-0bd09043ad58,Tskhinvali,Djibouti,Chickweed,Carrot,1915-06-03
8970dbfb-fb08-465a-b413-313dc4a45f85,Malabo,Myanmar,Bindweed,Sunflower,1976-10-31
aecca7db-3a0a-490a-8450-71ca737e45d1,Kingstown,Russian Federation,Clover,Cucumber,2008-12-03
d45c836f-8a5f-4079-a89c-40837b51f45b,Nagoya,Mauritius,Purslane,"Strawberry ",1911-03-23
c4d7f460-a668-40ca-a97b-a86729033513,Belize City,Uruguay,Purslane,Clover,1907-06-12
508f1a36-ed62-4839-804a-fa7a85ad48c9,Yerevan,Monaco,Japanese knotweed,Clover,2018-04-09
8d580f71-c0e8-426b-96ad-7b2ac1e4aa85,Hanover,French Guiana,Chickweed,Clover,1971-09-15
88737e0f-e497-42b4-8c23-0d1630479212,Bamako,Antarctica,Crabgrass,"Strawberry ",1912-05-17
a055dabf-e7da-4bf4-85a5-796548217a13,Washington,Algeria,Japanese knotweed,Plantain,1900-01-30
a87dc1ab-baca-4259-91c1-d53fbd536fce,São José dos Campos,Guinea-Bissau,Japanese knotweed,Aubergine,1926-12-26
8cca9e95-76ba-40eb-bf44-3199f87faaa8,Luxor,Netherlands Antilles,Plantain,Clover,1908-08-22
f2af7ebb-7c08-482e-b619-602a46cfb824,San Juan,Gambia,Purslane,Chickweed,2012-05-19
be49e8b4-853d-4c56-ba55-966d0ded455d,Innsbruck,Cyprus,Plantain,Clover,1942-05-28
55a8d256-9392-44b5-8249-7606e6069b1c,Indianapolis,Estonia,Bindweed,Clover,1920-05-22
45aff394-0d00-4798-bc38-203184d18e4a,Wollongong,Panama,Crabgrass,Aubergine,1901-10-04
0ffd57ef-05bd-4d24-b038-ea91610daf47,Ankara,Denmark,Japanese knotweed,Sunflower,1963-01-30
7ffaad15-d006-46de-8d3e-69634e691a1a,Forked River,Kazakhstan,Creeping buttercup,Clover,1901-11-15
4a51431a-6fb5-4e55-a23c-bb6d57721efa,Canberra,Nauru,Japanese knotweed,Cucumber,1986-09-14
0901ae4a-2cb0-4770-a26f-c4894af323eb,Papeete,Barbados,Purslane,Carrot,1937-02-07
87ed5f18-cf89-4063-849c-4c9c2e69f2b9,Pristina,Afghanistan,Clover,Clover,2011-03-23
97d06c77-2f1e-44cf-a9ed-0f2ed877ebe6,Belgrade,Guyana,Clover,Aubergine,1939-07-23
7c5abd11-601f-4d5e-832d-de8c94f8cc2e,Hanover,Ghana,Purslane,Clover,1960-02-21
a9fc4703-7297-48a9-900e-38d53beba9df,San Antonio,Turkey,Creeping buttercup,Sunflower,1982-10-29
ba256f75-2fc0-4962-860d-fb8243d7db2d,Lima,Nepal,Chickweed,Cucumber,1966-09-09
ebe5932d-de21-4522-aee7-153cfeccb2a3,Tamale,Isle of Man,Japanese knotweed,"Strawberry ",1904-05-06
9f960705-42cc-474a-b5b6-3a302572e3c7,Punta Arenas,Argentina,Bindweed,Carrot,1953-08-02
91a4d262-7afe-4689-9f20-683dcf36b03f,Wuhan,Paraguay,Creeping buttercup,Clover,1910-01-02
fa55a579-b186-4d7c-8e3f-ddab533410ee,El Paso,Cuba,Purslane,Chickweed,1948-03-25
d2d29b68-4fc4-4647-a0a5-c3d0de7b6acc,Paramaribo,Philippines,Clover,Chickweed,1905-08-09
3e85a85c-50ba-4918-b29f-c31f8f470fec,Malang,Mexico,Chickweed,Clover,2005-09-20
c82c3735-ab0d-4509-83c3-fba95cbb7987,Riyadh,Solomon Islands,Bindweed,Sunflower,1929-02-03
03446b2a-db2d-421d-addb-e204f697b173,Alofi,Brunei Darussalam,Purslane,Clover,1946-10-17
ca33a960-fd7d-48fb-922f-d4a5f400b353,Shijiazhuang,South Georgia and the South Sandwich Islands,Crabgrass,Clover,1924-07-02
a827dea0-15a2-435c-9a14-23f0ea9dffa2,Port of Spain,Turkmenistan,Japanese knotweed,Sunflower,1969-09-05
3b823382-11f1-42f4-ba90-2593c3c2d6e4,Incheon,Finland,Purslane,Sunflower,1931-06-18
13ce22c8-2eab-4733-b69a-e963f8f12a8a,Alofi,Puerto Rico,Crabgrass,Clover,1928-06-10
9917975d-5ec4-4d48-b5c5-87a27c36b168,Santa Cruz de Tenerife,Poland,Purslane,Chickweed,1958-04-22
d657d0cd-b27f-4d12-8ba1-36223b59ab7c,N'Djamena,Mali,Creeping buttercup,Chickweed,1995-02-01
2239841d-05f7-4130-a1ab-3f9674d39ab2,Durban,Israel,Crabgrass,Clover,1943-09-03
5539b775-7cdc-4174-911d-ce5b73dc800b,Bangui,Senegal,Creeping buttercup,Plantain,1994-12-06
c1f83c55-cba8-405a-8066-89c868bf0142,Adamstown,Ethiopia,Clover,"Strawberry ",1947-12-15
bc52794f-ca69-4431-94da-3a1fcc58824a,Johannesburg,Cayman Islands,Creeping buttercup,Clover,1906-03-10
ce14abc1-f640-4b03-9e5d-233bf1019561,Cali,Hungary,Bindweed,Chickweed,1900-08-30
db89ebf8-ed62-4f69-b7f2-acb41ebc2a98,Srinagar,United Arab Emirates,Creeping buttercup,Plantain,1916-11-21
04ef492f-48d2-446f-ae3e-577920e93b06,Kota Bharu,French Polynesia,Plantain,Cucumber,2004-07-05
cfb5916c-5854-4abc-9f71-2f3e0e359ed0,Nakhon Ratchasima,Christmas Island,Clover,Plantain,1963-11-18
e88c3f81-1456-49ee-8025-77b3524d3fc7,Qingdao,Guinea-Bissau,Purslane,Clover,1968-08-20
797870f4-39a3-4b5b-99f9-b180a2707c69,Shenzhen,American Samoa,Chickweed,Sunflower,1926-01-10
69a94da5-b6f1-4940-b9f5-baef277b620a,Arequipa,Sierra Leone,Purslane,Carrot,1916-08-12
5ac45652-6ac3-48eb-99b6-ab1292546c5e,Forked River,Ukraine,Purslane,Aubergine,1972-05-03
561cc3dc-5ae9-4cd2-a8d0-e8b5fdc74e1b,Cleveland,Austria,Creeping buttercup,Clover,1995-01-21
b758f269-c274-46df-ad02-a2fcdba57b75,Alor Star,Ecuador,Japanese knotweed,Clover,2005-04-30
4d739a9b-d0ce-461b-b49a-ed31b4263829,Tunis,Pakistan,Crabgrass,Carrot,1994-05-29
1ab4d16f-0e67-40e0-9a2a-77b2764874bf,Tunis,Papua New Guinea,Japanese knotweed,"Strawberry ",1922-08-20
06d7fb51-ca81-4dbf-9056-275e26a074e1,Stepanakert,Nicaragua,Crabgrass,Clover,1997-12-30
73593e89-4b23-46a9-93b7-b85991206c64,San Fernando,Antigua and Barbuda,Japanese knotweed,"Strawberry ",1995-02-20
c070fc3a-9d3a-4100-b192-6cd22f06342a,Vatican City,Albania,Chickweed,Chickweed,1970-10-22
17142720-6eed-499b-befa-f29fe227b033,Port of Spain,New Caledonia,Japanese knotweed,Clover,1903-10-15
38276040-73e2-4cd3-a9b4-8c34c3e850cf,San Fernando,Saint Helena,Clover,Sunflower,1918-04-29
80eb4b4e-c13f-4af5-8659-71dc78192a43,Koror,Anguilla,Plantain,Cucumber,1993-11-03
3e86a8fa-5445-4f3c-a1fe-853e30fb3ab1,Kharkiv,"Virgin Islands, U.S.",Chickweed,Sunflower,1992-11-26
5ee92324-e099-4c9b-a60f-105259750977,Gothenburg,Cocos (Keeling) Islands,Chickweed,Aubergine,1960-01-29
2ed838f2-6d13-47e2-a5d2-856920b34f43,Nakhon Ratchasima,French Guiana,Japanese knotweed,Aubergine,2019-01-04
ea8cfeaa-dd76-4462-8ac4-5ad867e49122,Adak,Honduras,Crabgrass,Clover,2005-04-27
6f3c8e16-b9ca-47ea-9ab4-5a6e015c4a73,Pune,Fiji,Japanese knotweed,"Strawberry ",1945-07-28
7943993c-6d58-435b-8597-c152465e6ec4,Douala,Viet Nam,Creeping buttercup,Aubergine,1934-10-09
f622c147-46d0-400f-9500-3d59524bff49,Kabul,Jamaica,Plantain,Plantain,1923-11-28
9a504a67-6a90-49c9-9461-903778a12245,New York City,United Kingdom,Plantain,Sunflower,1960-05-10
8e7c078b-5a89-46fc-a2eb-f127ea6dc77b,Boston,Gibraltar,Bindweed,Carrot,1989-04-15
572d9f47-c329-4383-b939-732af18dacd3,Shillong,Saint Vincent and the Grenadines,Purslane,Clover,1929-02-25
4941692d-2b64-4e04-8b43-10d8b55980f8,Los Angeles,Portugal,Clover,Clover,1978-07-27
e10cd154-3a5e-4397-8c99-ea8695b7d1fa,Kolkata,Guam,Plantain,Clover,1925-06-12
1abefca2-3f08-4edb-a8b9-1fd9308dc454,Monterrey,Bermuda,Crabgrass,Carrot,1945-09-25
ca61d319-462e-4f59-99c9-c63eacfe7f94,Raleigh,Turkey,Clover,Sunflower,1988-08-26
76ef1a0e-b0e7-4fde-95df-d6a16da031c8,Ipoh,French Southern Territories,Crabgrass,Clover,1912-07-13
ad723994-009a-411f-a8de-f8cda118fb73,Charlotte,Indonesia,Japanese knotweed,Plantain,1931-11-12
7bf55443-b59a-4600-8983-17da1b78a23c,Mendoza,Somalia,Purslane,Cucumber,1928-11-17
aea5d6e5-6a85-4e96-8800-c6fa85bc3bb8,Vienna,Syrian Arab Republic,Clover,Cucumber,1901-03-26
41cb0277-6736-4759-9703-a4f15c8c6581,La Paz,Ireland,Purslane,Plantain,1980-03-03
fd369268-666c-402a-854e-7f28055b7bc5,Zürich,"Virgin Islands, U.S.",Creeping buttercup,Carrot,1937-12-31
5fcaebf0-8d91-42cf-874f-fe2ec2712cec,Stockholm,Albania,Bindweed,Sunflower,2016-07-17
33974c52-300e-4834-a1eb-d66b177b9975,Surat Thani,Panama,Creeping buttercup,Carrot,1947-08-23
ab369a2f-7bff-4fed-b3e3-2880bbef736f,Chongjin,Oman,Japanese knotweed,Chickweed,1970-11-27
5d98e327-6378-4792-8fc3-f23e924e826e,Ürümqi,"Korea, Republic of",Purslane,Clover,1948-01-12
e850aff5-a042-40dc-b882-8ae926b6818c,Manchester,Fiji,Bindweed,Plantain,1922-12-12
852d7a89-d86e-43c3-aaf4-591e3aaf5ec9,Dubai,Bouvet Island,Plantain,Cucumber,2014-01-12
b8b1a6c5-e947-44ef-8af8-1ac7842f048a,Accra,Mozambique,Clover,Carrot,1932-09-05
9d613990-4c03-47b8-a078-a725a659ed9a,Melbourne,"Micronesia, Federated States of",Japanese knotweed,Cucumber,2002-10-13
d13bffb6-ab70-4775-bb1b-47f2a3279988,La Serena,Ecuador,Japanese knotweed,Clover,1931-05-14
eaa9e845-3c47-4fd4-a378-c61be9b52d46,Porto Velho,Sri Lanka,Japanese knotweed,Carrot,1952-10-26
d8fab5e0-f845-4047-912b-6b775e41a4e8,Milwaukee,Albania,Bindweed,Clover,2003-07-09
c79e9eee-3b38-484b-bea3-30f6339b2db8,Boa Vista,Slovenia,Bindweed,Plantain,1976-09-12
1fa04b48-c792-4f80-8232-9bf8100094bf,Serekunda,Tunisia,Bindweed,Aubergine,2012-10-19
55bacb5d-dcfb-419b-9a10-258c16fb901e,Saint Petersburg,Mongolia,Japanese knotweed,Cucumber,1943-09-26
2697b3e0-4d87-4e87-87d1-acb16d654496,Caracas,Iceland,Crabgrass,Clover,1992-03-25
46c340eb-81d2-4fab-9fca-50bdfad7276e,Kansas City,Saudi Arabia,Crabgrass,Clover,1917-01-07
59542c7e-4d8c-4ae1-b908-c2eca9173fc7,Pyongyang,Eritrea,Bindweed,Cucumber,1925-10-01
dbe8502a-0046-47bd-8f96-4d5f82f6f853,Kota Bharu,Myanmar,Purslane,Clover,1928-03-10
cd86263d-4978-4128-801c-233671137d13,Kawasaki,Cocos (Keeling) Islands,Bindweed,Clover,1928-09-29
1e50e813-f7fe-4c39-bb10-1d789f718d2d,Campo Grande,Turks and Caicos Islands,Bindweed,Sunflower,1929-12-05
152d0039-6947-4500-974b-9820622e3238,São Paulo,Bouvet Island,Creeping buttercup,Cucumber,1987-07-09
8af86c9b-ed27-4d62-9c63-16bf262d437f,Dalian,Italy,Crabgrass,"Strawberry ",1927-07-28
ba4b9a7c-5381-4341-b071-800b79328f61,Damascus,El Salvador,Creeping buttercup,"Strawberry ",2019-08-19
20691044-2976-4360-af81-b02378347fe6,Milwaukee,Nauru,Crabgrass,Sunflower,2009-10-25
a3b2d8ba-c334-4146-8378-f33e8e2d1190,Ürümqi,Georgia,Creeping buttercup,Clover,1986-06-28
b4291623-d8cd-400a-a43b-1f4fed86a977,Raleigh,Hungary,Creeping buttercup,Cucumber,1925-01-12
bcc70932-4768-4325-b880-0c289dd54ec7,Yaren District,Sudan,Japanese knotweed,Plantain,1923-11-07
5d4de5f7-a382-40c7-8195-e280bb82d56f,Albuquerque,Dominican Republic,Japanese knotweed,Clover,1986-12-21
5767c83c-b794-4633-bd88-ea9b44485a53,Majuro,Wallis and Futuna,Chickweed,Chickweed,1932-12-04
cdc76eff-fbe8-4215-918c-92acf77f94c7,Hangzhou,Uganda,Plantain,Clover,1966-07-03
e04ec407-43c5-4497-8341-db5848effeea,Semarang,Anguilla,Bindweed,Plantain,1907-09-13
dc2379aa-8c72-484c-994d-344e70935299,Hargeisa,French Guiana,Crabgrass,Carrot,2009-11-14
4805eb13-c806-4279-8b00-0f514652c1ca,Seattle,French Guiana,Japanese knotweed,Aubergine,1960-11-06
e1e66b5a-1751-4a7e-a2b0-661928aaff3e,St. George's,Namibia,Crabgrass,Chickweed,1964-04-21
69312ddc-d800-4059-9fc8-ea0f8bf85a32,Suez,Viet Nam,Plantain,Sunflower,2004-04-30
507c355f-f7b6-426c-81c1-fd98f8fbc8ef,Dresden,Grenada,Bindweed,Clover,1986-05-25
4e73a190-4acd-4d99-990d-fdb3faea30c2,Frankfurt,Bulgaria,Purslane,Cucumber,1974-03-31
2e0a39a1-0b93-4339-ae10-a3dc8be49cda,Jaipur,Pitcairn,Plantain,Carrot,1913-09-10
4a9b3e76-8c6c-4bc9-82ca-439d6ff69059,Nouakchott,Christmas Island,Crabgrass,Aubergine,1955-06-12
5b56d79f-dbd4-4523-8bc0-a1b86ac553ff,Praia,Mali,Plantain,Cucumber,1995-08-25
847ea4a8-2fed-4b9b-9d33-d28b4b8c2e59,Dunedin,Haiti,Bindweed,Clover,1965-07-01
114b79ff-689a-4858-805b-ab11817c61db,Dammam,Peru,Clover,Carrot,1970-05-12
ee56d4ed-43b1-41e3-a2db-25529d140bcb,Yekaterinburg,Sao Tome and Principe,Creeping buttercup,Clover,1999-12-08
3bf575f4-f7f4-49db-ad7b-0d9a21037127,Ouagadougou,Trinidad and Tobago,Bindweed,Aubergine,1933-01-16
daaed24e-13c6-42de-86bf-47cb010f258f,Bangalore,Ukraine,Bindweed,"Strawberry ",2011-09-05
7ef26f79-5d3f-48c2-a2d0-7422c78513d7,Hyderabad,Sweden,Chickweed,Sunflower,1985-07-01
abad4007-c9d3-4dfc-b986-85d87012bd26,Ibadan,San Marino,Chickweed,Plantain,2018-09-29
33a3cfb7-d81d-4fd7-9684-03dc04842e30,Castries,Martinique,Clover,Cucumber,1938-06-12
8d926599-8bba-4ec4-aba6-bc08eca73412,Baltimore,Oman,Bindweed,Chickweed,1923-06-09
8f3a7392-7a5f-40f3-b285-14e07ab339a0,Yogyakarta (city),Armenia,Purslane,Carrot,2000-01-08
68c25c0e-56ce-40ea-9edb-2f13936922d7,Saskatoon,Tajikistan,Crabgrass,Clover,1980-10-14
1f2726c7-47e0-4d79-96fb-80ab83efe562,Palma,Mongolia,Chickweed,Clover,1903-06-30
02620fee-07be-4403-aaaa-91365e0934cf,Kota Kinabalu,Iraq,Purslane,"Strawberry ",1998-11-17
83068ff9-159e-4aa2-8db7-f8e250d546f3,Blantyre,Heard Island and Mcdonald Islands,Purslane,Clover,1903-07-02
c673813e-dd5d-4625-869b-05d9a7394026,Ibiza,Turkmenistan,Bindweed,Aubergine,1907-05-30
f91cb1d4-2e63-451c-85ee-8666aeabd32f,Athens,AndorrA,Crabgrass,Clover,1930-07-06
3e802ab1-4f40-4a69-a749-da62ff5d4d40,Rio de Janeiro,Gibraltar,Bindweed,Chickweed,2016-11-19
55589606-ae88-4f87-a3ba-20cdfbf17188,Fortaleza,Guinea-Bissau,Crabgrass,Clover,1930-04-11
51bf11a2-4597-4bc5-9b11-125af9213c7f,Reykjavík,Kazakhstan,Creeping buttercup,Aubergine,1987-08-16
136b67f9-3cb5-4065-8495-ae9e494a0a43,Chittagong,Netherlands,Creeping buttercup,Plantain,1991-06-29
aaa91cd0-900a-4637-b6f0-92512fada5fd,El Paso,Saint Helena,Plantain,Sunflower,1955-12-24
3db9454c-dd34-4712-acec-0b6ac91e7bff,Nantes,Senegal,Purslane,Clover,2010-12-19
b39045f3-7297-481e-ade6-7032870f8905,Linz,Armenia,Plantain,Aubergine,1964-07-26
8bcb8560-69e3-458a-b217-78376306a494,Reykjavík,Eritrea,Plantain,Clover,1982-10-08
3d2778f3-a9aa-47fa-b833-abeb0a06ec45,Baghdad,Northern Mariana Islands,Bindweed,Clover,2005-05-11
4dc0b48b-edbb-46c2-b1fd-ad27ffea4925,Nagoya,Trinidad and Tobago,Chickweed,Clover,2010-08-24
0e7aa192-6841-4c88-8c7b-1b0931102d4b,Huế,Sudan,Japanese knotweed,Sunflower,1954-07-25
6c7644c0-9c9d-4514-aca4-9079dd2cbb28,Riyadh,Heard Island and Mcdonald Islands,Purslane,Plantain,1981-03-15
910a074e-b5d4-49e5-9df1-5a682e82543b,Charlotte Amalie,Hungary,Clover,Chickweed,1974-01-22
83498379-3ef8-4c23-b124-544c39086b35,Kolkata,Bulgaria,Bindweed,Clover,1964-06-22
75e969d1-2554-4d82-ba53-c338b7507a11,Chicago,Botswana,Creeping buttercup,Clover,1992-09-14
5a355a96-a8c4-46a0-b11e-6e5a05a30377,Recife,Malaysia,Bindweed,Chickweed,1909-12-24
b0de54cb-eacb-44a6-9c27-3dda5aabc4b6,Brisbane,Philippines,Clover,Carrot,1900-02-16
c7868642-631e-4380-9b9d-3731896703a2,Yaoundé,Qatar,Crabgrass,Carrot,1988-07-22
dc50a7ef-cfd6-49e7-9347-15b93a01636e,Antwerp,Russian Federation,Purslane,Clover,1938-08-14
0e4ff010-40fa-4192-acff-d7abab4f9b06,Abu Dhabi,Czech Republic,Japanese knotweed,Plantain,2012-03-09
c47be66b-6e41-4f0d-9b7a-21d4b11c3d10,Mérida,Guinea-Bissau,Japanese knotweed,Clover,1979-02-15
b936d317-a5f1-4553-9460-2c885a993aab,Innsbruck,Tunisia,Crabgrass,Aubergine,1946-06-03
fe4172ee-59ce-4a52-bec7-6ca29406975a,Enugu,Chile,Creeping buttercup,Sunflower,1974-11-19
465c3029-0b33-482c-a107-47fd09c1ac59,Rome,Tajikistan,Purslane,Carrot,1936-03-01
46438e6f-2aa9-4e93-841e-155cfda1a7a0,Antananarivo,Slovakia,Clover,Chickweed,1972-06-06
b6903aa0-a6c1-4df3-a740-eba7738e93c8,London,Mayotte,Japanese knotweed,"Strawberry ",1917-01-26
f17b7c99-b03c-4e47-b1b6-8175db1a1739,Kawasaki,Marshall Islands,Crabgrass,Sunflower,1972-08-09
d785a74e-3a8c-42bc-bdd0-6dda6b8d0639,Lobamba,Estonia,Purslane,Clover,2018-01-05
44a50f05-57ea-4d7b-978e-416e002033f8,Riyadh,Solomon Islands,Crabgrass,Aubergine,1944-11-05
a0affbe8-3d37-4e68-a9df-3a740d07e1d1,Nassau,Guinea,Japanese knotweed,Plantain,1942-07-17
1aa13c64-203c-4ea2-950c-0d7ddab8c286,Davao City,Tunisia,Clover,Carrot,1987-05-27
beeecdfd-f416-4d8d-8682-c0cd7c870a43,Honiara,Somalia,Purslane,Sunflower,1956-03-10
7d45dd19-7db3-46d8-adc5-a2cb619b5f06,Düsseldorf,Netherlands Antilles,Japanese knotweed,Clover,1936-11-12
17637533-a111-45fd-ab53-f133ee3063e2,Zapopan,Turkey,Japanese knotweed,"Strawberry ",1987-03-15
20e953e5-336b-4d9e-a2a4-9a630c7fce24,Córdoba,Italy,Plantain,Carrot,2005-07-25
469952f5-3f9d-455f-b907-f6fd9e13d2d0,Valencia,Guinea,Purslane,Cucumber,1931-12-12
458ab936-60b3-4e68-96c0-05457a8a29f0,Tamale,Ecuador,Purslane,Clover,1935-07-23
92daf82f-66ad-4cc9-bc62-fe199a1b56a2,Belfast,Japan,Creeping buttercup,Clover,1901-10-02
e338975e-1d1d-4dc3-bf63-2e3ae73bc76d,Ambon,Wallis and Futuna,Plantain,Aubergine,2001-04-07
badb835b-9d6c-463d-bdad-ae7bc2fd7785,Munich,Somalia,Japanese knotweed,"Strawberry ",1942-11-29
edbc27c4-e647-47d7-a2f6-e1def11eca13,St. John's,Argentina,Bindweed,Carrot,1901-03-19
97923413-b0ec-4e3c-8c2c-c5c479d36c46,Bern,United Kingdom,Creeping buttercup,"Strawberry ",1939-05-22
4d4b79b1-9e9b-49f1-bd14-2eca8a91588b,New Delhi,Gabon,Plantain,"Strawberry ",2012-10-12
05d8c280-e13c-442d-9c25-7671c7ef4cc4,Linz,Portugal,Creeping buttercup,Aubergine,1941-10-25
730ef172-005d-4fc6-a5b6-81b433a46f51,Turin,"Iran, Islamic Republic Of",Japanese knotweed,Aubergine,1961-03-05
42003b0c-55f1-4ed7-adc5-f1225587c1bf,Aarhus,Mongolia,Clover,Plantain,1987-06-07
36353c32-4c98-4b81-82fc-79e60a971972,Porto Velho,Antarctica,Bindweed,Plantain,1924-04-26
92099769-7f16-453e-a173-2668b03b275b,Cusco,Palau,Bindweed,Clover,2008-02-15
e0083679-1697-47d0-90da-66c0409bea72,Paris,Hong Kong,Japanese knotweed,Clover,1926-09-03
5479c4a7-9e9e-4ec2-b1df-c3e9adc96fb3,Houston,Guadeloupe,Clover,Sunflower,1923-02-10
edfa2f94-445b-4aaf-9749-47879b291c6c,Libreville,Grenada,Bindweed,Plantain,1956-02-17
0f95d944-5437-407b-804a-6c42d204ef74,Beijing,French Polynesia,Plantain,Carrot,1980-08-29
96d1c866-4ac2-4e5f-bb5a-4e539dbeab47,Kaohsiung,Syrian Arab Republic,Plantain,Clover,1929-10-14
4f63a2ca-7a9b-48a7-b472-9800bed163e9,Stockholm,United Arab Emirates,Clover,Plantain,1993-10-24
475ae72f-7193-4ac5-8acc-7a6825dbe6e6,Raleigh,Nicaragua,Japanese knotweed,Clover,1915-03-31
4bad5ac5-3b04-445a-8869-64fd2be5d822,Paris,Serbia and Montenegro,Clover,Cucumber,2004-10-07
2e351852-9896-4b32-8b9a-962e6641529c,Dili,Kuwait,Clover,Aubergine,1934-01-04
5362400c-7a34-4766-b121-fc5063c75b00,Puerto Williams,Benin,Chickweed,Clover,1940-02-13
0568948e-0e0c-4c52-9ae9-be3be935fadd,Cartagena,New Zealand,Creeping buttercup,"Strawberry ",1921-04-08
500e7173-3556-4547-b8e0-8b7cbbd39099,Brikama,Singapore,Crabgrass,Clover,2000-11-14
3376d780-d646-42f7-bacf-a0847becdc76,Rotterdam,Lebanon,Crabgrass,Clover,1982-06-18
690b940b-b0f6-4583-b6e7-74e016ac84c9,Lanzhou,Angola,Japanese knotweed,Clover,1972-07-26
bcf23a9e-de86-441e-a804-88068df18259,Zürich,Yemen,Crabgrass,"Strawberry ",1963-05-27
cf426966-8ab6-4795-b15e-f3f62ebb0511,Dushanbe,Guadeloupe,Bindweed,"Strawberry ",2007-11-21
203d6c73-05f6-4588-88ee-94c21e988876,Boa Vista,Cameroon,Chickweed,Clover,1972-06-29
80f93140-a085-458b-9150-6a7b3a0b1600,Lusaka,Thailand,Japanese knotweed,Sunflower,1944-06-03
9fdb1417-6ea5-4d62-a1dc-e5ee5bdac919,Charlotte Amalie,Philippines,Plantain,"Strawberry ",1925-06-17
5a0f816c-f6e6-497e-aae9-75ad4f8edfb1,Perth,Georgia,Purslane,Sunflower,1957-01-29
58ea8ac1-58ca-432c-ae82-f236c8c34a01,Thimphu,Croatia,Purslane,Clover,2012-02-12
94e7bc00-7166-4c55-b3b9-9bfbefe262dc,Daegu,New Zealand,Purslane,Sunflower,2004-09-23
c81bbe48-e18f-405c-8c2e-6f2521362913,Chongqing,Costa Rica,Purslane,Plantain,1923-06-17
b133ce00-56cc-4d10-9948-d3ef87ed9fe2,Detroit,Aruba,Plantain,Plantain,1977-10-02
0110410f-90a3-4c02-8432-1cd4c49f9374,Agartala,Liberia,Clover,"Strawberry ",1957-02-08
08f2716e-1f8f-4fe1-b82d-a0208ca3e355,Yekaterinburg,Namibia,Bindweed,Sunflower,2001-07-13
e7978321-27ef-435d-a6bc-06a8e64edeef,Düsseldorf,Bermuda,Chickweed,Aubergine,1990-09-23
3e6a88e9-da92-4cf2-b293-b8261198476d,Makati City,Mozambique,Plantain,Clover,2001-11-26
1502fa8e-869a-4711-a6b9-61fef26bd352,Managua,Brunei Darussalam,Purslane,"Strawberry ",1916-08-16
53bbbd30-b5d1-4575-ba92-f739aa50ffe3,Mecca,Israel,Japanese knotweed,Aubergine,1962-03-17
11bdd74c-d864-4eeb-91ff-3ab006fc22c8,Antwerp,Syrian Arab Republic,Japanese knotweed,Sunflower,1988-03-19
d5faa810-71b1-48b7-bcf6-6d3d86328274,Bangui,Timor-Leste,Creeping buttercup,Plantain,1923-08-03
3511fc82-1ce4-40ff-80de-02439be3dfd8,Kraków,South Georgia and the South Sandwich Islands,Chickweed,Cucumber,1952-10-01
0442c173-a7ba-4a85-8b66-3f8695a10c3f,San Antonio,Argentina,Bindweed,Clover,1924-12-05
a7869a48-9cb6-413e-ac43-c3c49069a542,Mbabane,Cape Verde,Japanese knotweed,Sunflower,1968-07-10
8bce7078-895b-4eee-a6ea-c3507719a5f8,Serekunda,Dominican Republic,Chickweed,Sunflower,2016-10-07
83cf0885-284d-47b2-9bc0-14e2aa632c0c,Siem Reap,Lebanon,Japanese knotweed,"Strawberry ",1975-11-20
00456a6a-9877-47b1-a65a-1ec0dd522eb3,Bloemfontein,Nicaragua,Crabgrass,Sunflower,2007-04-29
df9cf024-0adb-4df0-a6ec-ca673a8ee30b,Weno,Jersey,Creeping buttercup,Sunflower,1991-03-21
3e785284-2061-4fe2-b4cf-5d85a6979583,Los Angeles,Holy See (Vatican City State),Clover,"Strawberry ",1981-03-31
8a8a96c1-2549-47e2-92e3-69ab502a8431,Belfast,American Samoa,Bindweed,Clover,1941-10-24
8de6af11-97ae-4144-b1e2-aa5704302ea3,Philadelphia,Croatia,Clover,Clover,2003-11-02
2afec813-1e83-4fad-a6fb-97c255ccef3e,Bratsk,Cayman Islands,Clover,"Strawberry ",2004-03-22
fd8312e5-b766-43ad-9a28-1fd6cda1cc83,Kingstown,New Zealand,Plantain,Carrot,1928-12-15
a98a85d6-db11-4d50-a6c6-647ea1580e35,Durban,Eritrea,Chickweed,Clover,1944-09-15
4f070be2-9019-4dbb-a761-253e58c6a42b,Yekaterinburg,Honduras,Bindweed,"Strawberry ",1982-07-16
ccc23be4-6e1f-4f2a-95a2-52afbb9de143,Moscow,Fiji,Plantain,Clover,1974-03-03
36c539e3-c2ef-46a0-8ded-a01e8a6dfb65,Taichung,Samoa,Plantain,Carrot,1979-12-01
c832594a-29aa-4fcc-9e1f-11cbe0f8eaf4,Darwin,Maldives,Creeping buttercup,Clover,1981-09-14
10048d4d-6782-4bde-afed-5855e3ba590a,Mumbai,Saint Helena,Crabgrass,Clover,1970-05-22
65568d44-42e4-40fb-8d9e-1c07876cd169,San Carlos de Bariloche,Lebanon,Bindweed,Plantain,2015-10-05
478b6606-5be7-4cd0-b10d-6ddab774a007,Valencia,United Kingdom,Creeping buttercup,Chickweed,1914-12-10
83a46534-3dcf-442b-932e-37e5b813d6a1,Kunming,Macao,Purslane,Sunflower,1950-11-10
e74a78f7-a35a-48e2-a40d-17c0f44b6f1f,Nukus,Turkmenistan,Plantain,"Strawberry ",1983-09-20
93d952ce-e981-44f9-a76a-26d59375398e,Da Nang,Niger,Japanese knotweed,Sunflower,1924-04-23
770f8b64-7f4d-435d-8e51-9d54b01d9a5a,Nizhny Novgorod,"Palestinian Territory, Occupied",Purslane,Clover,1927-01-19
deae4080-4bdb-41b5-9b4d-d30bbca1bbde,Miri,South Georgia and the South Sandwich Islands,Clover,Sunflower,1935-12-28
75eadf61-c35b-4e0e-adf5-913e1e320b00,Kansas City,Nauru,Chickweed,Cucumber,2017-05-29
53922cdb-1ca9-43ba-afd6-99efd140fd52,Cleveland,Turks and Caicos Islands,Plantain,Carrot,1912-05-28
c2395fc3-2a3c-469b-b4ab-7e963e47b73d,Norilsk,Norway,Chickweed,Plantain,1951-06-30
9042f39c-2d69-4d93-802a-e9c128689c25,Santa Cruz de la Sierra,Kenya,Chickweed,Clover,1949-11-12
a8155158-dc71-485d-8a77-97748edef9f0,Pelotas,Central African Republic,Creeping buttercup,Plantain,1970-07-05
4a01509d-475e-4e87-a889-3b9a5e2a9e48,Hyderabad,Bolivia,Creeping buttercup,"Strawberry ",1916-11-17
bdf0a05b-7f15-4710-beaa-4c149a255105,Nanjing,Thailand,Crabgrass,Plantain,1937-05-05
a7feccee-c3b4-4b40-ab0e-0d2dbc511a66,Horta (Azores),Chile,Chickweed,Chickweed,1927-11-08
08bf12ca-ccab-42ca-8762-204e41766284,Tunis,Norfolk Island,Purslane,Clover,1964-12-10
77dfe691-5090-4164-a09f-7cb0c580e846,Mumbai,Djibouti,Crabgrass,Cucumber,1951-12-05
3b64530d-5411-42d7-899e-484dd3737b1e,Cairns,Egypt,Clover,Carrot,2010-09-03
fa399345-3277-4d27-9ef3-4a78d5b53cfb,Alofi,Equatorial Guinea,Japanese knotweed,Aubergine,1947-12-19
26b1f65a-575f-4db5-9899-790ccdc2047e,Conakry,Burkina Faso,Purslane,Sunflower,1987-03-12
48979b28-5d8f-47cd-98a6-c7234e7bd3f8,Koror,Tunisia,Purslane,Sunflower,1971-07-13
38c06229-a624-4ba0-94cd-1e44a0955076,Havana,France,Plantain,Chickweed,1968-03-14
1206f24c-ccd5-4db5-a023-97fc5a0bc64a,Iloilo City,Jordan,Creeping buttercup,Carrot,1999-05-08
22d11c08-88e9-476e-bc51-17b8e790e1ab,Mérida,"Cote D""Ivoire",Chickweed,Clover,1903-11-17
21e1e11c-7905-4259-89a8-ffec2051b35d,Xi'an,"Congo, The Democratic Republic of the",Japanese knotweed,Carrot,1903-07-10
c85e6d2b-0895-4fbc-9623-1b67f9d5efa4,Taichung,Comoros,Chickweed,Carrot,1910-08-17
2e4037bf-937f-403b-a81b-360ee96f70aa,Kunming,Ireland,Creeping buttercup,Carrot,1939-12-28
c7b0ed5b-21df-4a8d-a0e0-0800a02575ad,Siem Reap,"Iran, Islamic Republic Of",Crabgrass,Carrot,1994-01-27
5cbc9262-5379-4d1a-b672-d96f774654c3,Lagos,Bhutan,Japanese knotweed,Plantain,1910-05-19
ceac4b15-5132-460a-91ad-ed0399ad6325,Mamoudzou,Bolivia,Clover,Chickweed,1942-12-17
fef87041-b96b-4c5f-944b-65d22114946c,Dresden,Cocos (Keeling) Islands,Crabgrass,Clover,2019-08-21
a5078cb5-482d-47d4-8831-c1e067593255,Petropavlovsk-Kamchatsky,Maldives,Japanese knotweed,Plantain,1993-06-11
f31f007a-8261-43b2-8bbf-036aa26cd8e4,Tel Aviv,Zambia,Chickweed,Clover,1951-06-17
e2c6007d-9956-4b69-a915-31b7cf777187,Ipoh,Russian Federation,Creeping buttercup,Carrot,1985-11-10
7c70e1f3-f183-458c-9111-7272f3cf3a9a,Birmingham,Kenya,Crabgrass,Clover,1905-11-29
4b38ee8c-4489-44a6-9829-339f22c95300,Praia,Chad,Creeping buttercup,Clover,1976-01-14
1b6f944f-06e8-404d-999a-2b157674d7d4,Rabat,Algeria,Bindweed,Plantain,1925-02-03
01d210ca-919f-4b15-a6f6-e22ee8f21006,Porto Alegre,Norway,Bindweed,Plantain,2008-08-26
d86e4394-5959-4839-a624-0a3a8e900284,Nairobi,Libyan Arab Jamahiriya,Purslane,Clover,1996-03-29
49961f66-9ae6-4d39-8f48-afdd3d0b70df,Handan,Uganda,Japanese knotweed,Sunflower,1939-03-12
997ad306-71ed-43e6-a204-05776a01d597,Timbuktu,Latvia,Creeping buttercup,Carrot,1977-07-01
a4d250b4-0957-4e59-badc-7ea4ae7735cc,Colombo,Faroe Islands,Bindweed,Cucumber,1936-07-13
b3ae50fb-ad6e-4037-a5b2-05cab1e161d7,City of Halifax,Sri Lanka,Chickweed,Cucumber,1948-06-08
6b2377c3-b478-43b0-a589-c9a57a882502,Cardiff,Germany,Creeping buttercup,Clover,1943-10-16
7b49a73c-d29a-43d2-89af-f49fa1d21f50,Madrid,Paraguay,Bindweed,Clover,1994-11-15
86c7c53e-0dbf-45f7-a985-d177363757cf,Miami,Benin,Chickweed,"Strawberry ",1981-08-07
070e68d6-033c-490f-b2fe-def509e6609f,Tunis,Armenia,Creeping buttercup,Clover,1935-01-12
ddc70f60-264a-4b74-8cff-98878b3ef7c0,Labasa,Mayotte,Creeping buttercup,Clover,1979-08-19
ed1a69aa-794c-4b3e-bd40-a618c331251f,Phnom Penh,Brunei Darussalam,Bindweed,Clover,1999-05-18
d2bd7ed9-4cc4-4179-934a-2f830cf40e9f,Helsinki,Tuvalu,Purslane,Clover,1989-03-31
5586256d-8b31-48ba-bfcf-9c77848386d1,São José dos Campos,Armenia,Bindweed,Chickweed,1909-08-19
4291c7ea-6b1e-43d0-a362-e9dfaafef511,Geneva,Grenada,Bindweed,Sunflower,1904-01-02
6678842d-b369-40b4-87d6-fbcb5a3cc2a3,Santo Domingo,Uruguay,Clover,Clover,1963-04-16
074f52d4-894a-437b-98ea-566e9fb19bc3,Rochester,Serbia and Montenegro,Clover,Clover,1987-02-01
0fc53133-1dad-4a16-ae34-52043b185e9e,Nantes,United States Minor Outlying Islands,Clover,Clover,1919-02-12
7d730e68-009b-4ee7-a70a-576714fc6df9,Melekeok,Suriname,Bindweed,Sunflower,1969-04-03
051ece3a-8aaa-4c63-ab4a-2b503f370ea5,Basse-Terre,Angola,Plantain,Clover,1964-05-08
abf60c7f-f56a-49b5-82e5-09e48400cc3a,Maceió,Gibraltar,Purslane,Plantain,2015-07-27
030ba722-a722-413e-a157-515745bd46af,Peshawar,Swaziland,Clover,Clover,1918-12-26
266ae9bc-3dbf-44b8-814b-e2a228987d97,Hagåtña,Iceland,Plantain,Aubergine,1951-01-21
54d3002d-4f74-420f-81d1-358de3117694,Las Palmas de Gran Canaria,Marshall Islands,Creeping buttercup,Clover,2010-10-31
5c8914a2-bebc-4af2-b959-4c252dbaf939,Banjul,Qatar,Chickweed,Clover,1955-05-26
052d845d-cb5c-4ea0-b213-acda0ba8d75b,Phoenix,Kuwait,Japanese knotweed,Carrot,1921-07-02
0c605f72-3211-4e4a-a7fd-d46b1a6c6fa1,San Salvador,Northern Mariana Islands,Bindweed,"Strawberry ",1954-06-04
d1a56bc4-4a27-4762-b46c-04520a737296,Edmonton,Mauritania,Purslane,Plantain,2010-01-17
20a5f60f-f696-47d7-8a96-8079df2a5bde,Nassau,Montserrat,Japanese knotweed,Plantain,1924-10-26
cd0d3fae-e827-4b81-97a2-c63c4b3be873,San Antonio,Peru,Japanese knotweed,Cucumber,2012-07-05
22a72060-0ef0-427c-a16c-02867ae2dcd2,Istanbul,Guyana,Clover,Clover,1929-11-13
67918142-7211-4027-a86a-20bd8e548c67,St. John's,Ghana,Purslane,Plantain,1963-04-18
30204f82-c697-4435-99f4-eeae668ee15f,Kabul,Marshall Islands,Clover,Chickweed,1969-03-14
846f4475-e89d-4bbf-9da6-2820cbb963b2,Perm,Afghanistan,Japanese knotweed,Clover,1978-09-18
9555495f-8770-4320-8a36-ea997c345440,Invercargill,Italy,Purslane,"Strawberry ",2019-02-08
7be7e4f0-f527-472a-af94-783d11156e27,Surabaya,Palau,Purslane,Clover,1904-09-30
79ff62bc-c25f-4156-8382-dfda49b227b4,Milan,Nepal,Chickweed,Clover,1904-04-14
b7d54275-0857-467d-bc79-559405c0bd50,Tórshavn,Tajikistan,Clover,Cucumber,2003-05-19
d582c191-728d-463d-8f1f-5c5b0d1831f3,Brasília,Azerbaijan,Clover,Clover,1911-06-17
a547f2ac-d8f5-4453-83fc-a3f75a7ee07e,Maseru,Saint Lucia,Creeping buttercup,Sunflower,1916-01-14
e1de913c-dbff-4e3e-923d-a0fb51fca6b9,Vienna,Oman,Crabgrass,Aubergine,1932-07-22
c0023776-9c43-4104-8373-ebeba7da935b,Taipei,Sweden,Crabgrass,Aubergine,1952-06-15
14792503-c686-4c28-b131-cbf4d2650503,Dongguan,Kenya,Japanese knotweed,Cucumber,1993-06-10
322acb0a-5642-48f6-8989-9c7afdfac69a,Ho Chi Minh City,Burkina Faso,Chickweed,Aubergine,1965-06-11
258eaf09-7112-4583-a4e6-651e3334bdc8,Hamilton,Dominica,Crabgrass,Sunflower,1977-03-12
97e49157-b514-4caf-84ad-1032c4f5aeb8,Mexico City,Bolivia,Purslane,Chickweed,2018-12-08
65502ab4-0a89-4298-a011-8b9c065ea8e8,Fort-de-France,Guyana,Purslane,Clover,1927-03-11
e6174bd6-f2eb-49f7-9b25-07b44a5bf5fc,El Aaiún,Central African Republic,Bindweed,Plantain,1931-12-15
60771cf3-bfa9-46c3-8f2e-af043119a827,La Serena,Croatia,Chickweed,Chickweed,2009-11-07
96dad367-2deb-4151-a0d0-0ac2fd6e3af3,Porto,Algeria,Purslane,Cucumber,1964-11-23
b6f90001-04f1-4b0a-a0bd-a4bd6ed1f555,Nukus,Timor-Leste,Clover,Clover,1926-10-09
ae9f044b-204e-4b12-a221-d52c2369f5b0,Puebla,Western Sahara,Creeping buttercup,Clover,1994-02-04
5fe61137-9ecc-4d5a-925d-a6a5c73f3bbd,Incheon,"Virgin Islands, British",Creeping buttercup,"Strawberry ",1976-04-12
e7708917-8873-415e-a178-d908f42dc8bd,Rabi Island,Pitcairn,Bindweed,Sunflower,1964-05-27
6d6798b5-5121-442f-bbc5-756b08c42745,Port Moresby,Turkey,Crabgrass,Sunflower,1914-02-23
d017b0a4-520f-4eae-b9bf-5d44d9410ee3,Veracruz,Luxembourg,Bindweed,"Strawberry ",1934-05-02
e4eb844b-e308-4377-b980-2327901ecc97,Hobart,Aruba,Crabgrass,Clover,1956-02-26
a3652db2-be4d-4ca6-b848-b0068b36efe7,Nuuk,American Samoa,Japanese knotweed,Clover,1975-07-24
1cfd12da-8747-4a37-8ee7-9e487b8a2d68,Shillong,Morocco,Japanese knotweed,Plantain,2004-08-19
e5b75d4e-e3cb-4133-8a12-989e92f1a3a8,N'Djamena,"Iran, Islamic Republic Of",Bindweed,"Strawberry ",2009-01-26
c0b8028a-b49e-4182-bf6e-09d7598bfebe,Stuttgart,"Moldova, Republic of",Bindweed,Clover,1942-05-07
47c46a9d-e633-4802-974a-d513cd161c73,Lhasa,Dominican Republic,Chickweed,Clover,1940-11-20
ce1d9314-57cc-46a6-88e7-37c92817e223,Pattaya,United Arab Emirates,Plantain,Clover,1924-08-13
adb0ac1c-b966-4fb8-b881-0198153d67de,Yaoundé,Jordan,Bindweed,Cucumber,2018-05-20
66a7d6be-11c6-49b1-8f05-8e5803f24f63,Nairobi,Morocco,Clover,Carrot,1994-07-07
5e98d5de-6382-44fa-bbd4-ce1749de7c2e,Arbil,Cayman Islands,Creeping buttercup,Clover,1925-11-27
dc8e550b-58f2-41b9-b6f8-911c25e23d24,La Paz,Fiji,Japanese knotweed,Cucumber,1946-03-17
ac6433ea-b32e-43c5-bdc5-fed4814886eb,Palembang,Saint Kitts and Nevis,Purslane,Plantain,1913-03-05
1803d680-4b91-4474-9785-b88a53c1c2c9,Fort-de-France,Angola,Japanese knotweed,Chickweed,1986-05-31
25a6d481-4638-4e65-8c9b-d89c6233b1e5,Saint Petersburg,Tokelau,Crabgrass,Chickweed,1977-03-18
66e94bff-3502-4917-97d8-8aca745c2c72,Nizhny Novgorod,Cocos (Keeling) Islands,Plantain,Cucumber,1901-04-29
6c996d42-a685-4f7f-9704-d7760a8004b7,Douala,Paraguay,Creeping buttercup,Chickweed,1928-08-16
79fb5f96-576f-44a9-afec-f54c53979358,Batticaloa,Malta,Purslane,Carrot,2014-03-21
094e6cbf-c022-42e5-ad4e-6058412b44aa,Chennai,"Congo, The Democratic Republic of the",Plantain,Carrot,1938-10-20
017aabbe-6b8b-4a1c-a523-13038ee7a1c3,Francistown,New Zealand,Clover,Aubergine,1999-05-17
a53da437-5e07-4373-8ada-92a00a83606b,Kathmandu,Greece,Bindweed,Carrot,1994-11-01
74541df7-0c44-47e1-970b-323eebaf1270,Stanley,Tajikistan,Creeping buttercup,Clover,1911-11-21
294babf0-1028-4b25-8b16-4a07f13da81c,Mata-Utu,Kuwait,Creeping buttercup,Plantain,1982-08-22
e1397edb-e353-437c-99db-1abd3826577e,Atlanta,Burkina Faso,Chickweed,Clover,1935-08-29
51f4e432-14c6-42a9-b391-492442155068,Saint Petersburg,Brunei Darussalam,Crabgrass,Plantain,1969-10-24
3fc3535b-9d3a-4220-9170-60bac899dc0b,Albuquerque,Anguilla,Crabgrass,Sunflower,1986-02-08
458dae83-b1e3-40b6-8ecd-a9bbb4935fa2,Nakhon Ratchasima,Hong Kong,Creeping buttercup,Sunflower,2018-05-21
0dd53710-3155-45c0-ab30-64d2cdf9ccb2,Vaduz,"Lao People""S Democratic Republic",Creeping buttercup,Clover,1903-06-09
e5c5cd41-680a-418e-a0f4-040a317b7a70,Fukuoka,Cape Verde,Japanese knotweed,Plantain,2011-07-28
1dcc7a06-0f51-4b69-9666-07cc47e6ebc1,Rome,United States,Plantain,Plantain,1987-11-14
932539df-2b5e-46af-8405-b9c14f44426b,Murmansk,Pakistan,Bindweed,Clover,1972-05-13
a3f0e25d-081e-4bc9-94dd-5f736f2631da,Caracas,"Moldova, Republic of",Chickweed,Clover,1979-08-08
b1bfcafe-1ef7-4ca4-b353-67bb62d2ffd1,Makati City,Pitcairn,Crabgrass,Sunflower,1961-07-02
cb745a8b-6a07-4e87-892f-a6ae1b73bf24,Leeds,Fiji,Crabgrass,Clover,2012-05-11
bcd4fe5d-e064-4a1e-a464-66028624ec87,Peshawar,Japan,Purslane,Aubergine,1962-06-21
3ed882d5-c4ce-4967-81d0-241dca699590,Bloemfontein,Nauru,Creeping buttercup,Clover,1966-01-18
81a33114-f533-45f9-b09f-a5957e9bf049,Davao City,Liberia,Clover,Carrot,1987-06-12
38c29cd5-3e3f-49d8-bdf4-b1082a035d35,Lagos,Sri Lanka,Bindweed,Cucumber,2014-07-13
f95454d9-cd1a-4c1f-bb73-8846c4102d71,Tabriz,Niger,Purslane,Plantain,1915-06-01
515a1aef-78c5-41ef-bf04-5f23e080597a,Kaesong,Algeria,Clover,Plantain,1933-12-08
91d17da3-6e97-4e84-9c24-dee29c573683,Milan,Myanmar,Creeping buttercup,Clover,1965-06-01
f9aab8c3-defe-4d77-bb2b-ba50c57ed3e9,Jayapura,Malawi,Purslane,Clover,2011-06-01
e7f67308-d604-4fd1-a569-2f3f22f801bf,Calama,Tuvalu,Bindweed,Clover,1928-04-04
c950b452-d1b2-4308-9b18-d7e8710811cf,Albuquerque,Madagascar,Plantain,Clover,2001-06-24
03bac398-bbfb-4332-8d46-f98c67abda54,Podgorica,Bouvet Island,Chickweed,Clover,1929-06-07
6fa1fd92-bdfb-410b-a20d-4bbea5de3a69,Makati City,Bouvet Island,Crabgrass,Clover,1952-11-21
9a91c566-1a36-4e87-976d-806c7ccb82fa,City of San Marino,Botswana,Bindweed,Cucumber,1933-02-13
1b9c6a49-a70b-43e4-b6f6-30080f4b35d0,Apia,Denmark,Bindweed,Clover,2005-01-11
214c2875-7fc5-4951-9a32-530837bf0377,Glasgow,Guernsey,Crabgrass,Aubergine,1914-04-07
c9ba2199-2a24-4521-b1d0-4bdcb23bc70d,Berlin,Monaco,Creeping buttercup,Clover,1998-03-05
1e1bca21-7813-4496-95cd-9b4095956c6e,Hangzhou,Aruba,Creeping buttercup,"Strawberry ",2002-01-22
4ecb82eb-22aa-448e-8f2c-fbe802abef83,Banda Aceh,Cook Islands,Plantain,Carrot,1994-11-12
c3d183bd-3f58-40ea-b69c-88ae2f5f73ed,Apia,Ghana,Creeping buttercup,Clover,1978-11-23
db525642-4f65-4a6f-9c59-d8ad10519423,Harbin,Cocos (Keeling) Islands,Crabgrass,Cucumber,1929-01-10
eff9bb87-6337-4407-9449-bacaa59912dd,Cusco,Christmas Island,Clover,Plantain,1962-05-18
bc41ac8b-cae8-45bf-b4a0-dd0cbe502b58,Belmopan,Samoa,Japanese knotweed,Aubergine,1939-09-05
912e3759-e4b3-4b0a-88ac-05be30433202,Koulikoro,Kuwait,Purslane,Chickweed,1919-01-02
16bde6ad-b872-4301-9c3d-0c9985f166b7,Horta (Azores),Lebanon,Creeping buttercup,"Strawberry ",2003-06-28
b4ff0802-a970-4166-acb5-10d84a4bbe9e,Split (city),Greece,Clover,Sunflower,1933-03-24
90501b18-6a50-499c-87f7-9435e6d0f234,Philadelphia,"Micronesia, Federated States of",Crabgrass,Clover,1970-07-22
2823f125-68da-422b-a4f6-e0a28fb977f3,Thimphu,France,Crabgrass,Cucumber,1969-11-07
39da4282-e9bb-4dbc-a107-317e7754d8f2,São Paulo,Aruba,Bindweed,Cucumber,1933-09-02
32033743-9943-4bd2-b6a4-e35ab4923564,Makati City,AndorrA,Plantain,Cucumber,1927-11-05
86ac98c8-e458-4a82-bf46-e305615a9148,Port Said,Comoros,Crabgrass,Clover,1958-05-11
2ac15972-cf88-4583-b378-b8114033cbf9,Baku,Vanuatu,Purslane,Carrot,2000-11-22
eb416795-a28f-4b3e-b184-7fe1650ee04b,Chengdu,Iceland,Bindweed,Clover,1959-06-03
1e39f126-1150-49b7-a7ca-86e65b3ad5b0,Kathmandu,"Taiwan, Province of China",Purslane,"Strawberry ",1907-02-05
9847bb73-b986-4acf-a95e-8593473a7a75,Cairo,Mauritius,Japanese knotweed,Plantain,2017-09-11
20e4abd4-6510-4e22-94e2-90b526059e3c,Hargeisa,"Virgin Islands, U.S.",Plantain,"Strawberry ",1930-01-02
cc7a256e-ca94-4d62-bfe5-25ace4516778,Berlin,Thailand,Creeping buttercup,Chickweed,1950-02-02
3d2e7c28-7ac6-469e-8044-e68d4f06833e,Bucharest,Bangladesh,Creeping buttercup,Plantain,2009-03-22
68d42433-5f8a-471a-ade8-db349b9a6214,Dili,Germany,Bindweed,Clover,1999-10-03
3313d158-05d2-44de-9d82-3ee4f5a55932,Fredericton,Zimbabwe,Clover,"Strawberry ",1971-08-17
5a313cf4-0c1f-49bd-8559-7b8c18d832f3,Columbus,Swaziland,Chickweed,Aubergine,1977-12-20
1721fdbb-4708-42a7-8117-80e01c8b91c4,Campinas,Aruba,Crabgrass,Clover,1910-04-29
6e9b9a88-0aaa-46a9-a424-5eb9d3a9d7ee,Monterrey,Mongolia,Clover,Clover,1975-12-04
2ea30668-ac7d-46ee-816b-d435e756ec68,Sapporo,Guinea-Bissau,Purslane,Clover,1962-10-31
749b83bc-72d3-4b48-91eb-b7448e93db49,Recife,Qatar,Purslane,Clover,1961-05-01
8f38fb85-d490-494f-9d96-34f00e65f4a3,Juneau,Seychelles,Crabgrass,"Strawberry ",1993-07-31
5837123d-50d1-43cf-b298-be0b6684df0d,Doha,Zimbabwe,Bindweed,Chickweed,1916-05-12
9870e4f3-8de0-42c6-9513-ad7bccfbb8a8,Barcelona,Finland,Clover,Carrot,1902-11-05
cce80085-8df1-4c6b-a9c5-76b39cdf7b37,Santa Cruz de la Sierra,Nepal,Crabgrass,Sunflower,1947-12-10
208a84d4-9dd1-407a-b2b2-8b21dc386a40,Bulawayo,Eritrea,Crabgrass,Sunflower,1930-02-21
477679b6-c5e8-412c-a465-517fbd63d4b4,Albuquerque,Samoa,Crabgrass,Carrot,1984-05-01
0b490364-0e50-4599-b936-c095373a71d5,Yangon,Iceland,Purslane,Carrot,1945-06-07
76423d5e-6c2e-4c26-9204-5d4503807f50,São José dos Campos,Slovenia,Creeping buttercup,"Strawberry ",1907-03-10
34a76bb1-3599-47fa-9264-2979d10981ab,Kinshasa,Mauritius,Purslane,Clover,1999-03-11
f5d5f247-4fae-4523-a498-504f2f95dbd2,Saint John,Aruba,Crabgrass,Clover,1962-03-28
24a89d6c-359a-412b-b9ac-aa7a56b23960,Pittsburgh,Cuba,Crabgrass,Cucumber,1938-08-03
cf79f619-de80-48cf-805b-189a96dd791c,Bilbao,Iceland,Creeping buttercup,Plantain,1906-12-11
97929a41-cbb7-4e4d-8bf4-ed2bb8ab005c,Maseru,United Kingdom,Plantain,Clover,1946-09-26
3754d28b-dbec-466e-9fa4-ed0248ba6cc5,Santo Domingo,Slovakia,Chickweed,Plantain,2012-02-06
b557385b-320a-44c9-9199-ad01cd1fa382,Kabul,Northern Mariana Islands,Crabgrass,Chickweed,1985-01-22
d6474e81-9df1-47de-9ceb-42daf564cd35,Busan,Ethiopia,Bindweed,Plantain,1933-03-04
db3e9a9c-1350-40e2-a643-fbe8b642688d,Leipzig,Macao,Clover,Sunflower,1986-08-13
a20ce290-c8b3-4961-bf8f-98de7ae66f22,Jersey City,Honduras,Plantain,Clover,1998-09-07
637ec028-d528-4a85-b0de-0d724f3ca13c,Kanpur,Indonesia,Plantain,"Strawberry ",2014-04-29
1ddddcdc-173d-41b1-ba4f-f9874fc53bf3,Kaesong,Australia,Plantain,Clover,2007-02-04
a9cd67a4-82b2-4efc-8f80-25fbc0cd95f6,Buffalo,Zimbabwe,Japanese knotweed,"Strawberry ",1996-01-07
306a508e-ab42-4152-b7a2-0fa7750e164f,Baltimore,El Salvador,Clover,Aubergine,1917-11-21
af806275-558c-458f-9eaa-a56e4c2b5242,Manila,Bulgaria,Japanese knotweed,Plantain,1908-12-28
8c8c1da8-5fd2-4ceb-8c93-d4e3708a6e45,Pelotas,Mauritius,Chickweed,Cucumber,1914-04-28
25e454d3-0ff6-47c3-926d-918a12e5c1ad,Cayenne,Israel,Purslane,Clover,2019-05-05
70a4727e-824c-46f2-b30a-a386d76cf5ae,Hargeisa,Isle of Man,Plantain,Clover,1903-11-16
1dd5a71f-299d-420c-be7d-6d714499f443,Edinburgh,Pitcairn,Japanese knotweed,Carrot,1904-06-15
3048ca75-a440-4c95-9da2-3aacd154cfed,Buffalo,Equatorial Guinea,Bindweed,Clover,1924-05-23
0dbcaedd-f03c-497e-9e78-3bb326f5a52c,Taipei,Niue,Clover,Clover,1941-09-14
8c995ed1-37e9-4526-86a8-4e5176076936,Xining,Italy,Purslane,Clover,1946-08-24
1e7f8802-16a0-4659-a1cd-5b2f13841f0e,Seville,Denmark,Bindweed,Chickweed,2003-11-14
afec0809-3f32-4baa-80a6-a1db007c9e4e,Taiyuan,Saudi Arabia,Japanese knotweed,Carrot,1937-03-12
cd92b6d0-61ba-46f8-bb7e-840ff4837b7c,Taiyuan,Turks and Caicos Islands,Bindweed,Chickweed,2018-02-14
b453f5f0-9a68-4ec5-84b6-fe2e8d715d72,Luxor,Netherlands Antilles,Creeping buttercup,Aubergine,2013-11-28
ac2854b3-1204-48f6-8e34-4f0e1d7ed6fe,Edmonton,India,Bindweed,Clover,1917-11-27
d054f9d8-5d6f-4a95-b2fd-446d5e3c8f0a,Baku,Monaco,Chickweed,Sunflower,1962-01-02
e7702d70-f984-4738-be70-8dbbbfc0a53e,City of San Marino,Trinidad and Tobago,Plantain,Carrot,1965-03-27
e382afa4-19d9-4c32-9c82-a241e0ae52f6,Cebu City,Togo,Bindweed,Clover,1959-06-23
9722b05a-ed5b-4df6-9ed5-1d601903fda9,Indianapolis,Samoa,Crabgrass,Chickweed,1979-11-16
93609d38-1b69-4348-878f-8443bef2100a,Zanzibar City,Italy,Creeping buttercup,Cucumber,1928-10-24
24c40cc8-8dea-4222-9c92-472ff0ad5d2d,Kaliningrad,Algeria,Chickweed,Aubergine,1906-10-07
028ed3aa-80f0-49d7-9fb7-3600a93b843c,Multan,Hong Kong,Creeping buttercup,Carrot,1907-10-27
d54d8c16-3731-45dd-8cb0-54f792dbbaea,Quebec City,Montserrat,Chickweed,Clover,1990-03-10
0733710a-492c-4122-9a92-794d74e5d0b5,Srinagar,Cocos (Keeling) Islands,Clover,"Strawberry ",2014-01-22
adee0996-b986-4ff3-8d1d-cb5e62e3bacd,Bahía Blanca,Equatorial Guinea,Purslane,Aubergine,1901-01-25
82182f75-3344-4a2e-9996-a3d61c5c6715,Fort-de-France,Maldives,Creeping buttercup,Carrot,1948-07-28
63fbbf00-aa2e-4479-8893-4af1dcf5495c,Charlottetown,Isle of Man,Crabgrass,Clover,1965-08-04
db837887-d167-47d6-a060-e9c2b67ac568,San José,Bosnia and Herzegovina,Creeping buttercup,Carrot,1916-08-17
64e179ba-983e-4f52-8732-2aeb24a6a8e9,Asunción,Mauritius,Japanese knotweed,Clover,1966-06-05
c47f4719-fdca-4efb-a813-3677afa61fc7,Manzini,Iceland,Bindweed,Sunflower,1954-01-18
f7857047-b2ec-49ca-84ed-e517f3151dd0,Batticaloa,Mayotte,Bindweed,Sunflower,2016-04-30
fcea90ca-7cda-4646-83f2-484ef9313d54,Regina,Isle of Man,Clover,Aubergine,1997-10-18
f3261198-3dc0-41e3-9de0-18312fc70c7a,Zhengzhou,Barbados,Creeping buttercup,Chickweed,1939-03-14
b3425738-4d8e-41d6-a14d-77b8875d0674,Kuala Lumpur,Zimbabwe,Plantain,Chickweed,1954-09-29
80fd6869-b5d5-4fad-9212-d928be25b77c,Nantes,Maldives,Creeping buttercup,Chickweed,1991-01-01
f9af0553-3383-45d6-bfe8-ea13bd47e4b1,Jeddah,Malta,Bindweed,"Strawberry ",1926-06-18
b3be3a22-f7ff-4491-858a-02217c89bf71,Nizhny Novgorod,Ghana,Chickweed,"Strawberry ",1983-01-03
29817806-4b44-4f1e-b2c9-445aa61a1888,Yekaterinburg,Hong Kong,Creeping buttercup,Cucumber,2006-05-29
e807bd57-08e1-4d33-9e3f-975cf0762330,Glasgow,Lebanon,Plantain,Aubergine,1951-01-03
2ad64eb9-54bd-4d4e-9e97-645386d953f9,Brussels,Burundi,Purslane,Clover,1916-07-02
7b36cb62-1ca5-4434-8438-b6d977f9c529,Santiago,Sao Tome and Principe,Crabgrass,Clover,2009-10-09
1866e929-850c-4f43-97b6-0e98c20848ed,Port Hedland,Greenland,Crabgrass,Carrot,1928-02-08
bc4d4d7c-b33a-4a70-85ab-0b0db2db2506,Belgrade,South Georgia and the South Sandwich Islands,Creeping buttercup,Chickweed,1918-05-21
189d569b-5cf0-41e9-8483-7c57b86f5b7b,Stanley,South Africa,Crabgrass,Carrot,1939-12-12
818c6970-1577-4691-81f7-558f430a752f,Balikpapan,Åland Islands,Bindweed,Clover,1975-05-27
94d74b86-71fc-454f-9b37-0a845c28988e,Miri,Liechtenstein,Purslane,Sunflower,1955-09-12
7bdbbc43-122f-44c7-bdb3-8a71505b7cbf,Dodoma,RWANDA,Creeping buttercup,Cucumber,1941-07-25
a5d3827b-711c-4b19-b253-818fbc5c35c0,Vienna,Hong Kong,Creeping buttercup,Clover,1906-10-08
939030e5-0efb-4e3c-9a7c-87d985f5c238,Nizhny Novgorod,Togo,Japanese knotweed,Cucumber,1977-12-29
0c05f4de-e177-4e11-8ef4-57ffef2d819c,Birkirkara,Nepal,Plantain,Clover,1926-07-04
070c26ce-f531-41f5-aef4-110caa822dc3,Chuí,Azerbaijan,Creeping buttercup,"Strawberry ",1908-07-02
731cf346-0c43-4f07-91f4-557561f1996b,Tórshavn,Guatemala,Japanese knotweed,Aubergine,1949-07-31
a160fb31-f99b-4893-a9f1-75d1e413ccbe,Fairbanks,Latvia,Chickweed,Clover,1934-02-04
7b33513e-03bd-4202-8cab-f28a35ab5b0d,Ciudad del Este,Cocos (Keeling) Islands,Crabgrass,Cucumber,1923-08-11
e8f5b524-773f-45fa-8ed5-bb5de3dbd1f1,Maceió,Canada,Plantain,Cucumber,1990-04-03
89319d5f-fed5-47b9-b61a-2d3c0c04d11b,Tiraspol,Dominica,Purslane,Sunflower,1912-05-24
0c0a3e32-4302-4c6b-b697-aea727e4f717,Stockholm,Lithuania,Japanese knotweed,Clover,1998-04-02
c1a77d96-1e84-41c6-971e-d35bdf3cface,Kaliningrad,Guinea,Japanese knotweed,Clover,1948-01-25
8e7c31f9-e334-402c-ab8a-1e3b6b40e3bf,New Delhi,Austria,Creeping buttercup,Clover,1945-06-28
8657e93e-fa34-4a10-a775-6b1712a94f75,Thiès,Bahrain,Creeping buttercup,"Strawberry ",2006-10-04
3c57f7a4-914c-4161-8345-3dd82b33f8fe,Hargeisa,Saint Kitts and Nevis,Bindweed,Sunflower,1909-11-27
ad1a7201-2fa8-401e-95ef-04719d1b5c15,Newcastle,Serbia and Montenegro,Crabgrass,Carrot,1999-05-25
3c713907-1e2d-4300-9a26-02cc94fd16bd,Christchurch,Israel,Chickweed,Clover,1904-09-13
d269feb1-90f8-4441-a2c8-25c79b154cba,Tokyo,Bhutan,Creeping buttercup,Sunflower,1933-11-18
6f1a1549-6c3e-4009-a7cd-c4c24616457d,Shenzhen,Grenada,Chickweed,Clover,1974-09-08
d1d5a05a-1f7c-411f-8410-5953e266e29a,Mumbai,Palau,Bindweed,Clover,2013-01-12
682d44de-f39a-4080-bb0a-09478c4211ad,Geelong,Slovakia,Chickweed,Plantain,2018-08-13
35e7818b-5f47-4bda-ba95-d4a82b62e571,Podgorica,Bosnia and Herzegovina,Chickweed,Sunflower,2002-01-28
d5b27654-f4af-4051-aabc-20af38298da4,Puebla,Gabon,Plantain,Aubergine,1971-01-24
94a55e85-09e0-4254-8488-e5ea03344ee4,Suez,Christmas Island,Chickweed,Sunflower,1911-11-09
9d0d17c8-a703-4530-9868-fa9884133bfc,Glasgow,Croatia,Purslane,Clover,1992-03-29
81f3d3d4-ec76-4133-93f4-13122ac6d986,Brazzaville,Honduras,Chickweed,Chickweed,2011-08-18
7f33952d-fa4e-450e-8133-b6853a13f3d2,Hai Phong,Singapore,Japanese knotweed,Clover,1963-10-20
f951a736-b7fe-4f9a-a489-22fd41c73662,Tirana,El Salvador,Clover,Cucumber,1973-04-01
8e22c2aa-0097-4973-9d4a-8fc6d3b5f580,Brussels,Netherlands Antilles,Bindweed,Aubergine,1922-12-18
f32c2f98-cefb-4219-8651-3c754268dddc,Anchorage,Western Sahara,Chickweed,Sunflower,1991-04-25
8671d97b-a9b7-47c5-b17f-c379339f20f3,Puerto Williams,Afghanistan,Creeping buttercup,Clover,1947-11-24
6efe6e72-5f9f-4289-b6bf-ba1f54ee9331,Baltimore,Cape Verde,Creeping buttercup,Chickweed,1926-03-08
fd53c8d6-5a45-4831-b594-d757c3872766,Mata-Utu,Faroe Islands,Crabgrass,Clover,1906-12-16
77126a32-d771-4c25-a591-21ea4af9841e,Minsk,Honduras,Clover,Aubergine,2018-10-19
65ffb29a-626d-4bb1-b68e-62d9d803034c,Peshawar,Botswana,Crabgrass,Clover,1992-12-11
2c493e99-6a36-42dc-a0bb-bdae7f5774e1,Manchester,Ghana,Creeping buttercup,Chickweed,2001-07-10
a73aa573-6302-48e7-acb1-e65f311e3fa4,Serekunda,Guyana,Purslane,Clover,1951-04-05
088d0a41-145e-4dfd-9d0e-308789ead45b,Chittagong,France,Japanese knotweed,Sunflower,2005-02-03
33fa10a3-17d2-419c-a06a-b34cbd591e5d,Asmara,Eritrea,Purslane,Clover,1916-01-17
b872d08d-4922-4044-b8a3-a751000f1972,Kuala Lumpur,Colombia,Creeping buttercup,Carrot,1925-03-18
91c2840b-bf2a-48aa-a560-d0bbfe730ed7,Kota Kinabalu,Bulgaria,Creeping buttercup,Chickweed,2002-12-28
913ec282-4613-4480-9fad-59bd741892ac,Tbilisi,Aruba,Creeping buttercup,"Strawberry ",1945-10-11
bfb576a4-2431-4b65-918e-307f88e21b8d,Lviv,El Salvador,Purslane,Aubergine,1935-06-02
fa1b9e57-423d-4f3d-95f0-8f0b35571f84,Cairo,"Cote D""Ivoire",Creeping buttercup,Plantain,1968-01-08
6ff40c5d-ead0-4756-a4a2-11fb3e8dba11,Simferopol,France,Bindweed,"Strawberry ",1923-02-02
db42d6bb-2260-433c-abea-fd2fb0cc2e04,Vienna,Aruba,Chickweed,"Strawberry ",1924-04-14
b143e837-c127-4200-af3b-203e27b1c3ec,Rome,Syrian Arab Republic,Purslane,Aubergine,1967-03-27
f0bdf6e4-952d-4c94-a066-278b7d0ec68f,Curitiba,Nepal,Chickweed,Aubergine,1952-03-18
610de140-bb12-48e7-9b26-0ab19932910d,Iquique,Eritrea,Japanese knotweed,Sunflower,1931-04-02
5e6c556a-26d2-4e28-bd59-ba1935bb2ba9,Dunedin,Timor-Leste,Bindweed,Cucumber,1953-11-17
110547ed-7ba5-44e8-b0fd-282b7976e482,Kinshasa,Portugal,Purslane,Clover,1952-01-19
4b2b6ac0-04c0-4edb-8155-0ab4fd3e4fa9,Ndola,Guyana,Chickweed,Chickweed,1991-02-17
a247c4f0-e168-43b3-8d8a-2a0d8b939382,Nouméa,Hungary,Clover,Clover,1989-12-22
e63eed49-b33c-4812-bb8a-7f9c73ccdec6,San Carlos de Bariloche,Swaziland,Creeping buttercup,Plantain,1954-04-23
171eb6db-367b-49a0-a3d8-5f2295ef4a3c,Liverpool,Panama,Chickweed,Aubergine,1940-10-18
747f14ec-7a2b-4e04-8a5e-d8fea7a7b78b,Funafuti,Holy See (Vatican City State),Crabgrass,Aubergine,1907-10-02
2a5f8726-8e86-49a4-a62e-61cd8e50a435,Fukuoka,American Samoa,Bindweed,Chickweed,2008-03-12
0489549b-63ce-45fc-8080-0b03a91bcec9,Bandar Seri Begawan,Nigeria,Crabgrass,Carrot,1907-08-20
cf4f2d8b-0948-4705-97ab-e3ab7906d961,Birmingham,Macao,Clover,Sunflower,1933-06-16
5213fd05-3d09-4b58-9624-76807e88af56,Cebu City,Sweden,Bindweed,Aubergine,1933-10-05
34f661c8-041e-4cff-bc83-d2b8c5046862,Labasa,Barbados,Japanese knotweed,Clover,2005-09-15
b29e62d5-d354-4e41-92f4-2c097daa0e45,London,Senegal,Bindweed,Aubergine,1946-12-13
cb546985-6f3b-4765-9e74-b8752734ad14,Nassau,Cambodia,Plantain,Sunflower,1966-05-28
47ad139a-9db0-42f4-9666-087b1522e643,Mandurah,Cyprus,Purslane,Plantain,1907-06-21
ac69cad6-1c66-42a2-a5ef-5488ef64c914,Vaduz,"Cote D""Ivoire",Clover,Cucumber,1990-12-01
048a61dc-6320-43f0-ab80-e8c3f020ccf2,Hyderabad,Israel,Creeping buttercup,Cucumber,1997-06-08
6ed9d1c5-e454-4fc0-a581-bc7afb2f2843,Canberra,Turks and Caicos Islands,Japanese knotweed,"Strawberry ",1930-08-29
01a76706-ae02-448a-94f8-0e43916321f0,Canberra,Maldives,Japanese knotweed,Cucumber,1964-03-02
cdfcd497-b28c-4079-b8db-a625771565e2,Düsseldorf,Saint Helena,Bindweed,Carrot,1922-09-22
012d5b19-068d-4533-96a2-9179120f3fbd,Cotonou,Guadeloupe,Clover,Clover,2002-10-06
7bc7883a-96f4-4af9-97c1-bb283c147c1a,Tegucigalpa,Mali,Chickweed,Sunflower,1907-09-03
8cae68ed-fe78-4b56-aca1-562f3498d640,Basse-Terre,Greenland,Bindweed,Carrot,1974-08-23
0512182e-d883-4d99-891b-3090c7a44bfb,Thimphu,Sao Tome and Principe,Japanese knotweed,Clover,1958-01-26
f719a239-418b-4b95-815a-125a0544c777,Tirana,Bouvet Island,Crabgrass,Carrot,1939-08-27
2adb47a8-be25-4b83-b244-fdcb3841da69,Tamale,Seychelles,Japanese knotweed,Clover,1937-04-06
1fcce69e-6186-4cf6-8faa-3bd1816096c1,Doha,Antigua and Barbuda,Bindweed,"Strawberry ",2006-12-27
530f09fc-d10e-4e07-90b3-afb934e7a8ec,Guwahati,Liechtenstein,Plantain,Aubergine,1951-12-19
22c04c08-bafb-4002-abc3-06feb659c3b9,St. Louis,Thailand,Plantain,"Strawberry ",1990-09-28
a0c65b5e-1d33-4a13-b00f-262ee130f337,Leeds,Thailand,Chickweed,"Strawberry ",1927-04-26
25f138f5-3d7c-491a-9025-8a7c9ce1c12e,Greenwich,Suriname,Plantain,Chickweed,1902-02-22
9b4a2e55-f87d-4b4f-be73-d0f12766821c,Calgary,Portugal,Purslane,Carrot,1915-06-06
6e06d05b-3a1f-41e8-a4f9-6fc9a5041cd3,Praia,American Samoa,Purslane,Sunflower,1925-09-24
b0f7475f-9c8d-498d-97e6-a84c86ac83bd,Pekanbaru,Slovakia,Chickweed,Clover,2002-03-24
5255b63a-b10e-41ed-8798-efcb492d1584,Iquitos,Saint Helena,Bindweed,Carrot,1986-11-17
8ba6b362-41b6-4f86-a2d6-218767110c5a,Lviv,Madagascar,Chickweed,Plantain,1907-06-14
82c4f253-4b7b-4296-bfd3-6e027c46a473,Basse-Terre,Sao Tome and Principe,Purslane,"Strawberry ",1905-07-18
04bd447d-983d-4672-a468-0249910f12e3,Lagos,Tonga,Creeping buttercup,"Strawberry ",1912-07-10
8e4a1cf9-53af-4bf6-a2a5-e27d127bb9c9,Philadelphia,Liberia,Purslane,Sunflower,1998-03-21
f0797851-5a1d-457f-8db6-4bd188371b69,Rabat,Åland Islands,Plantain,Carrot,1910-12-16
7469b7fe-a058-4e05-af73-483491c4a831,Nice,Christmas Island,Chickweed,Aubergine,1935-07-10
892c3942-5732-466c-8930-4c891e64eb46,Novosibirsk,Senegal,Bindweed,Clover,1929-06-22
bbd6bf26-6bae-4cc7-87b4-911324ad15ee,Papeete,Nicaragua,Chickweed,Clover,1979-12-15
782db683-ab9c-42f5-8b04-7e596745b503,Leeds,"Micronesia, Federated States of",Bindweed,Clover,1969-09-06
75556b43-5cbf-405e-839d-299c90fa53a3,Hanoi,AndorrA,Purslane,Clover,1976-11-10
8d532463-45f7-4239-b111-f148a5aac396,Adana,Bulgaria,Crabgrass,Clover,1987-09-13
863401ea-7407-4784-bce1-e1e6cb9f1fc3,Singapore,Tunisia,Plantain,Sunflower,1969-06-26
c57dd264-56e0-4ae3-9af4-7d7b751d7835,Yaoundé,Libyan Arab Jamahiriya,Japanese knotweed,Aubergine,1917-01-07
84b49d29-2338-488c-b037-827593808834,Saint-Denis,Sweden,Chickweed,Cucumber,1908-01-12
891a3743-4567-436f-a69c-a87b7a42c1ac,Amritsar,Czech Republic,Clover,Sunflower,2007-10-18
285eca45-e32d-41fe-aed9-bf1cf05c193d,Johannesburg,Maldives,Purslane,Chickweed,1998-11-23
c7ba9059-94db-4f3c-8f74-bde4ddd39c85,Karachi,Congo,Purslane,Aubergine,1964-11-11
f16bb713-352d-40c3-94e9-c07eb4a1feb9,Gothenburg,Greece,Clover,Sunflower,1991-01-30
384545ba-16d6-4da7-aa42-0b095a82c15f,Belize City,Zambia,Creeping buttercup,Plantain,1964-06-13
dab3db1e-51c6-41d2-9950-d44d48f953d7,Salzburg,Macao,Japanese knotweed,Chickweed,2019-01-10
3bd4c3a1-cf06-42fc-b097-d927850d8631,Sarajevo,Cook Islands,Japanese knotweed,Clover,1902-02-28
78894296-f631-475d-ae2c-ea6cd96379e8,Namangan,Bahrain,Japanese knotweed,Clover,1980-03-24
481e645c-28bf-4a59-82ba-de230edb7228,Split (city),Uganda,Plantain,Chickweed,1953-11-17
8da0ade6-af47-4fac-9b23-9e0351042e92,Cork (city),Malaysia,Crabgrass,Chickweed,1930-01-15
79c4925c-82cf-4acf-887c-e372249f1bd7,Munich,Mexico,Bindweed,Clover,2003-10-10
d2bb74bb-681c-4c84-9667-368befb1c9a8,Pontianak,Thailand,Plantain,Carrot,2010-05-16